SET FOREIGN_KEY_CHECKS = 0;

-- 1. DỮ LIỆU MẪU BẢNG USERS
INSERT INTO `users` (`id`, `role_id`, `email`, `password`, `active_status`, `created_at`) VALUES
(2, 3, 'nv001@lawfirm.erp', '$2y$12$Oergst.CYv4Fr/bUMsUFJuO/fuvvDjcw0ZWSWO7kH55x.XWyPgMhS', 1, NOW()),
(3, 2, 'nv002@lawfirm.erp', '$2y$12$Oergst.CYv4Fr/bUMsUFJuO/fuvvDjcw0ZWSWO7kH55x.XWyPgMhS', 1, NOW()),
(4, 2, 'nv003@lawfirm.erp', '$2y$12$Oergst.CYv4Fr/bUMsUFJuO/fuvvDjcw0ZWSWO7kH55x.XWyPgMhS', 1, NOW()),
(5, 5, 'nv004@lawfirm.erp', '$2y$12$Oergst.CYv4Fr/bUMsUFJuO/fuvvDjcw0ZWSWO7kH55x.XWyPgMhS', 1, NOW()),
(6, 5, 'nv005@lawfirm.erp', '$2y$12$Oergst.CYv4Fr/bUMsUFJuO/fuvvDjcw0ZWSWO7kH55x.XWyPgMhS', 1, NOW()),
(7, 4, 'nv006@lawfirm.erp', '$2y$12$Oergst.CYv4Fr/bUMsUFJuO/fuvvDjcw0ZWSWO7kH55x.XWyPgMhS', 1, NOW()),
(8, 4, 'nv007@lawfirm.erp', '$2y$12$Oergst.CYv4Fr/bUMsUFJuO/fuvvDjcw0ZWSWO7kH55x.XWyPgMhS', 1, NOW()),
(9, 4, 'nv008@lawfirm.erp', '$2y$12$Oergst.CYv4Fr/bUMsUFJuO/fuvvDjcw0ZWSWO7kH55x.XWyPgMhS', 1, NOW()),
(10, 3, 'nv009@lawfirm.erp', '$2y$12$Oergst.CYv4Fr/bUMsUFJuO/fuvvDjcw0ZWSWO7kH55x.XWyPgMhS', 1, NOW()),
(11, 4, 'nv010@lawfirm.erp', '$2y$12$Oergst.CYv4Fr/bUMsUFJuO/fuvvDjcw0ZWSWO7kH55x.XWyPgMhS', 1, NOW()),
(12, 2, 'nv011@lawfirm.erp', '$2y$12$Oergst.CYv4Fr/bUMsUFJuO/fuvvDjcw0ZWSWO7kH55x.XWyPgMhS', 1, NOW()),
(13, 4, 'nv012@lawfirm.erp', '$2y$12$Oergst.CYv4Fr/bUMsUFJuO/fuvvDjcw0ZWSWO7kH55x.XWyPgMhS', 1, NOW()),
(14, 3, 'nv013@lawfirm.erp', '$2y$12$Oergst.CYv4Fr/bUMsUFJuO/fuvvDjcw0ZWSWO7kH55x.XWyPgMhS', 1, NOW()),
(15, 3, 'nv014@lawfirm.erp', '$2y$12$Oergst.CYv4Fr/bUMsUFJuO/fuvvDjcw0ZWSWO7kH55x.XWyPgMhS', 1, NOW()),
(16, 5, 'nv015@lawfirm.erp', '$2y$12$Oergst.CYv4Fr/bUMsUFJuO/fuvvDjcw0ZWSWO7kH55x.XWyPgMhS', 1, NOW()),
(17, 2, 'nv016@lawfirm.erp', '$2y$12$Oergst.CYv4Fr/bUMsUFJuO/fuvvDjcw0ZWSWO7kH55x.XWyPgMhS', 1, NOW()),
(18, 2, 'nv017@lawfirm.erp', '$2y$12$Oergst.CYv4Fr/bUMsUFJuO/fuvvDjcw0ZWSWO7kH55x.XWyPgMhS', 1, NOW()),
(19, 2, 'nv018@lawfirm.erp', '$2y$12$Oergst.CYv4Fr/bUMsUFJuO/fuvvDjcw0ZWSWO7kH55x.XWyPgMhS', 1, NOW()),
(20, 2, 'nv019@lawfirm.erp', '$2y$12$Oergst.CYv4Fr/bUMsUFJuO/fuvvDjcw0ZWSWO7kH55x.XWyPgMhS', 1, NOW()),
(21, 2, 'nv020@lawfirm.erp', '$2y$12$Oergst.CYv4Fr/bUMsUFJuO/fuvvDjcw0ZWSWO7kH55x.XWyPgMhS', 1, NOW()),
(22, 2, 'nv021@lawfirm.erp', '$2y$12$Oergst.CYv4Fr/bUMsUFJuO/fuvvDjcw0ZWSWO7kH55x.XWyPgMhS', 1, NOW()),
(23, 3, 'nv022@lawfirm.erp', '$2y$12$Oergst.CYv4Fr/bUMsUFJuO/fuvvDjcw0ZWSWO7kH55x.XWyPgMhS', 1, NOW()),
(24, 2, 'nv023@lawfirm.erp', '$2y$12$Oergst.CYv4Fr/bUMsUFJuO/fuvvDjcw0ZWSWO7kH55x.XWyPgMhS', 1, NOW()),
(25, 4, 'nv024@lawfirm.erp', '$2y$12$Oergst.CYv4Fr/bUMsUFJuO/fuvvDjcw0ZWSWO7kH55x.XWyPgMhS', 1, NOW()),
(26, 3, 'nv025@lawfirm.erp', '$2y$12$Oergst.CYv4Fr/bUMsUFJuO/fuvvDjcw0ZWSWO7kH55x.XWyPgMhS', 1, NOW()),
(27, 3, 'nv026@lawfirm.erp', '$2y$12$Oergst.CYv4Fr/bUMsUFJuO/fuvvDjcw0ZWSWO7kH55x.XWyPgMhS', 1, NOW()),
(28, 5, 'nv027@lawfirm.erp', '$2y$12$Oergst.CYv4Fr/bUMsUFJuO/fuvvDjcw0ZWSWO7kH55x.XWyPgMhS', 1, NOW()),
(29, 4, 'nv028@lawfirm.erp', '$2y$12$Oergst.CYv4Fr/bUMsUFJuO/fuvvDjcw0ZWSWO7kH55x.XWyPgMhS', 1, NOW()),
(30, 4, 'nv029@lawfirm.erp', '$2y$12$Oergst.CYv4Fr/bUMsUFJuO/fuvvDjcw0ZWSWO7kH55x.XWyPgMhS', 1, NOW()),
(31, 4, 'nv030@lawfirm.erp', '$2y$12$Oergst.CYv4Fr/bUMsUFJuO/fuvvDjcw0ZWSWO7kH55x.XWyPgMhS', 1, NOW()),
(32, 5, 'nv031@lawfirm.erp', '$2y$12$Oergst.CYv4Fr/bUMsUFJuO/fuvvDjcw0ZWSWO7kH55x.XWyPgMhS', 1, NOW()),
(33, 5, 'nv032@lawfirm.erp', '$2y$12$Oergst.CYv4Fr/bUMsUFJuO/fuvvDjcw0ZWSWO7kH55x.XWyPgMhS', 1, NOW()),
(34, 2, 'nv033@lawfirm.erp', '$2y$12$Oergst.CYv4Fr/bUMsUFJuO/fuvvDjcw0ZWSWO7kH55x.XWyPgMhS', 1, NOW()),
(35, 4, 'nv034@lawfirm.erp', '$2y$12$Oergst.CYv4Fr/bUMsUFJuO/fuvvDjcw0ZWSWO7kH55x.XWyPgMhS', 1, NOW()),
(36, 4, 'nv035@lawfirm.erp', '$2y$12$Oergst.CYv4Fr/bUMsUFJuO/fuvvDjcw0ZWSWO7kH55x.XWyPgMhS', 1, NOW()),
(37, 5, 'nv036@lawfirm.erp', '$2y$12$Oergst.CYv4Fr/bUMsUFJuO/fuvvDjcw0ZWSWO7kH55x.XWyPgMhS', 1, NOW()),
(38, 3, 'nv037@lawfirm.erp', '$2y$12$Oergst.CYv4Fr/bUMsUFJuO/fuvvDjcw0ZWSWO7kH55x.XWyPgMhS', 1, NOW()),
(39, 4, 'nv038@lawfirm.erp', '$2y$12$Oergst.CYv4Fr/bUMsUFJuO/fuvvDjcw0ZWSWO7kH55x.XWyPgMhS', 1, NOW()),
(40, 3, 'nv039@lawfirm.erp', '$2y$12$Oergst.CYv4Fr/bUMsUFJuO/fuvvDjcw0ZWSWO7kH55x.XWyPgMhS', 1, NOW()),
(41, 4, 'nv040@lawfirm.erp', '$2y$12$Oergst.CYv4Fr/bUMsUFJuO/fuvvDjcw0ZWSWO7kH55x.XWyPgMhS', 1, NOW()),
(42, 3, 'nv041@lawfirm.erp', '$2y$12$Oergst.CYv4Fr/bUMsUFJuO/fuvvDjcw0ZWSWO7kH55x.XWyPgMhS', 1, NOW()),
(43, 4, 'nv042@lawfirm.erp', '$2y$12$Oergst.CYv4Fr/bUMsUFJuO/fuvvDjcw0ZWSWO7kH55x.XWyPgMhS', 1, NOW()),
(44, 5, 'nv043@lawfirm.erp', '$2y$12$Oergst.CYv4Fr/bUMsUFJuO/fuvvDjcw0ZWSWO7kH55x.XWyPgMhS', 1, NOW()),
(45, 3, 'nv044@lawfirm.erp', '$2y$12$Oergst.CYv4Fr/bUMsUFJuO/fuvvDjcw0ZWSWO7kH55x.XWyPgMhS', 1, NOW()),
(46, 4, 'nv045@lawfirm.erp', '$2y$12$Oergst.CYv4Fr/bUMsUFJuO/fuvvDjcw0ZWSWO7kH55x.XWyPgMhS', 1, NOW()),
(47, 4, 'nv046@lawfirm.erp', '$2y$12$Oergst.CYv4Fr/bUMsUFJuO/fuvvDjcw0ZWSWO7kH55x.XWyPgMhS', 1, NOW()),
(48, 3, 'nv047@lawfirm.erp', '$2y$12$Oergst.CYv4Fr/bUMsUFJuO/fuvvDjcw0ZWSWO7kH55x.XWyPgMhS', 1, NOW()),
(49, 5, 'nv048@lawfirm.erp', '$2y$12$Oergst.CYv4Fr/bUMsUFJuO/fuvvDjcw0ZWSWO7kH55x.XWyPgMhS', 1, NOW()),
(50, 5, 'nv049@lawfirm.erp', '$2y$12$Oergst.CYv4Fr/bUMsUFJuO/fuvvDjcw0ZWSWO7kH55x.XWyPgMhS', 1, NOW()),
(51, 2, 'nv050@lawfirm.erp', '$2y$12$Oergst.CYv4Fr/bUMsUFJuO/fuvvDjcw0ZWSWO7kH55x.XWyPgMhS', 1, NOW()),
(52, 2, 'nv051@lawfirm.erp', '$2y$12$Oergst.CYv4Fr/bUMsUFJuO/fuvvDjcw0ZWSWO7kH55x.XWyPgMhS', 1, NOW()),
(53, 4, 'nv052@lawfirm.erp', '$2y$12$Oergst.CYv4Fr/bUMsUFJuO/fuvvDjcw0ZWSWO7kH55x.XWyPgMhS', 1, NOW()),
(54, 4, 'nv053@lawfirm.erp', '$2y$12$Oergst.CYv4Fr/bUMsUFJuO/fuvvDjcw0ZWSWO7kH55x.XWyPgMhS', 1, NOW()),
(55, 5, 'nv054@lawfirm.erp', '$2y$12$Oergst.CYv4Fr/bUMsUFJuO/fuvvDjcw0ZWSWO7kH55x.XWyPgMhS', 1, NOW()),
(56, 3, 'nv055@lawfirm.erp', '$2y$12$Oergst.CYv4Fr/bUMsUFJuO/fuvvDjcw0ZWSWO7kH55x.XWyPgMhS', 1, NOW()),
(57, 5, 'nv056@lawfirm.erp', '$2y$12$Oergst.CYv4Fr/bUMsUFJuO/fuvvDjcw0ZWSWO7kH55x.XWyPgMhS', 1, NOW()),
(58, 2, 'nv057@lawfirm.erp', '$2y$12$Oergst.CYv4Fr/bUMsUFJuO/fuvvDjcw0ZWSWO7kH55x.XWyPgMhS', 1, NOW()),
(59, 5, 'nv058@lawfirm.erp', '$2y$12$Oergst.CYv4Fr/bUMsUFJuO/fuvvDjcw0ZWSWO7kH55x.XWyPgMhS', 1, NOW()),
(60, 4, 'nv059@lawfirm.erp', '$2y$12$Oergst.CYv4Fr/bUMsUFJuO/fuvvDjcw0ZWSWO7kH55x.XWyPgMhS', 1, NOW()),
(61, 2, 'nv060@lawfirm.erp', '$2y$12$Oergst.CYv4Fr/bUMsUFJuO/fuvvDjcw0ZWSWO7kH55x.XWyPgMhS', 1, NOW()),
(62, 2, 'nv061@lawfirm.erp', '$2y$12$Oergst.CYv4Fr/bUMsUFJuO/fuvvDjcw0ZWSWO7kH55x.XWyPgMhS', 1, NOW()),
(63, 5, 'nv062@lawfirm.erp', '$2y$12$Oergst.CYv4Fr/bUMsUFJuO/fuvvDjcw0ZWSWO7kH55x.XWyPgMhS', 1, NOW()),
(64, 2, 'nv063@lawfirm.erp', '$2y$12$Oergst.CYv4Fr/bUMsUFJuO/fuvvDjcw0ZWSWO7kH55x.XWyPgMhS', 1, NOW()),
(65, 2, 'nv064@lawfirm.erp', '$2y$12$Oergst.CYv4Fr/bUMsUFJuO/fuvvDjcw0ZWSWO7kH55x.XWyPgMhS', 1, NOW()),
(66, 2, 'nv065@lawfirm.erp', '$2y$12$Oergst.CYv4Fr/bUMsUFJuO/fuvvDjcw0ZWSWO7kH55x.XWyPgMhS', 1, NOW()),
(67, 2, 'nv066@lawfirm.erp', '$2y$12$Oergst.CYv4Fr/bUMsUFJuO/fuvvDjcw0ZWSWO7kH55x.XWyPgMhS', 1, NOW()),
(68, 2, 'nv067@lawfirm.erp', '$2y$12$Oergst.CYv4Fr/bUMsUFJuO/fuvvDjcw0ZWSWO7kH55x.XWyPgMhS', 1, NOW()),
(69, 5, 'nv068@lawfirm.erp', '$2y$12$Oergst.CYv4Fr/bUMsUFJuO/fuvvDjcw0ZWSWO7kH55x.XWyPgMhS', 1, NOW()),
(70, 3, 'nv069@lawfirm.erp', '$2y$12$Oergst.CYv4Fr/bUMsUFJuO/fuvvDjcw0ZWSWO7kH55x.XWyPgMhS', 1, NOW()),
(71, 3, 'nv070@lawfirm.erp', '$2y$12$Oergst.CYv4Fr/bUMsUFJuO/fuvvDjcw0ZWSWO7kH55x.XWyPgMhS', 1, NOW()),
(72, 3, 'nv071@lawfirm.erp', '$2y$12$Oergst.CYv4Fr/bUMsUFJuO/fuvvDjcw0ZWSWO7kH55x.XWyPgMhS', 1, NOW()),
(73, 4, 'nv072@lawfirm.erp', '$2y$12$Oergst.CYv4Fr/bUMsUFJuO/fuvvDjcw0ZWSWO7kH55x.XWyPgMhS', 1, NOW()),
(74, 3, 'nv073@lawfirm.erp', '$2y$12$Oergst.CYv4Fr/bUMsUFJuO/fuvvDjcw0ZWSWO7kH55x.XWyPgMhS', 1, NOW()),
(75, 5, 'nv074@lawfirm.erp', '$2y$12$Oergst.CYv4Fr/bUMsUFJuO/fuvvDjcw0ZWSWO7kH55x.XWyPgMhS', 1, NOW()),
(76, 4, 'nv075@lawfirm.erp', '$2y$12$Oergst.CYv4Fr/bUMsUFJuO/fuvvDjcw0ZWSWO7kH55x.XWyPgMhS', 1, NOW()),
(77, 5, 'nv076@lawfirm.erp', '$2y$12$Oergst.CYv4Fr/bUMsUFJuO/fuvvDjcw0ZWSWO7kH55x.XWyPgMhS', 1, NOW()),
(78, 5, 'nv077@lawfirm.erp', '$2y$12$Oergst.CYv4Fr/bUMsUFJuO/fuvvDjcw0ZWSWO7kH55x.XWyPgMhS', 1, NOW()),
(79, 4, 'nv078@lawfirm.erp', '$2y$12$Oergst.CYv4Fr/bUMsUFJuO/fuvvDjcw0ZWSWO7kH55x.XWyPgMhS', 1, NOW()),
(80, 4, 'nv079@lawfirm.erp', '$2y$12$Oergst.CYv4Fr/bUMsUFJuO/fuvvDjcw0ZWSWO7kH55x.XWyPgMhS', 1, NOW()),
(81, 4, 'nv080@lawfirm.erp', '$2y$12$Oergst.CYv4Fr/bUMsUFJuO/fuvvDjcw0ZWSWO7kH55x.XWyPgMhS', 1, NOW()),
(82, 3, 'nv081@lawfirm.erp', '$2y$12$Oergst.CYv4Fr/bUMsUFJuO/fuvvDjcw0ZWSWO7kH55x.XWyPgMhS', 1, NOW()),
(83, 2, 'nv082@lawfirm.erp', '$2y$12$Oergst.CYv4Fr/bUMsUFJuO/fuvvDjcw0ZWSWO7kH55x.XWyPgMhS', 1, NOW()),
(84, 4, 'nv083@lawfirm.erp', '$2y$12$Oergst.CYv4Fr/bUMsUFJuO/fuvvDjcw0ZWSWO7kH55x.XWyPgMhS', 1, NOW()),
(85, 4, 'nv084@lawfirm.erp', '$2y$12$Oergst.CYv4Fr/bUMsUFJuO/fuvvDjcw0ZWSWO7kH55x.XWyPgMhS', 1, NOW()),
(86, 4, 'nv085@lawfirm.erp', '$2y$12$Oergst.CYv4Fr/bUMsUFJuO/fuvvDjcw0ZWSWO7kH55x.XWyPgMhS', 1, NOW()),
(87, 5, 'nv086@lawfirm.erp', '$2y$12$Oergst.CYv4Fr/bUMsUFJuO/fuvvDjcw0ZWSWO7kH55x.XWyPgMhS', 1, NOW()),
(88, 5, 'nv087@lawfirm.erp', '$2y$12$Oergst.CYv4Fr/bUMsUFJuO/fuvvDjcw0ZWSWO7kH55x.XWyPgMhS', 1, NOW()),
(89, 3, 'nv088@lawfirm.erp', '$2y$12$Oergst.CYv4Fr/bUMsUFJuO/fuvvDjcw0ZWSWO7kH55x.XWyPgMhS', 1, NOW()),
(90, 3, 'nv089@lawfirm.erp', '$2y$12$Oergst.CYv4Fr/bUMsUFJuO/fuvvDjcw0ZWSWO7kH55x.XWyPgMhS', 1, NOW()),
(91, 3, 'nv090@lawfirm.erp', '$2y$12$Oergst.CYv4Fr/bUMsUFJuO/fuvvDjcw0ZWSWO7kH55x.XWyPgMhS', 1, NOW()),
(92, 4, 'nv091@lawfirm.erp', '$2y$12$Oergst.CYv4Fr/bUMsUFJuO/fuvvDjcw0ZWSWO7kH55x.XWyPgMhS', 1, NOW()),
(93, 3, 'nv092@lawfirm.erp', '$2y$12$Oergst.CYv4Fr/bUMsUFJuO/fuvvDjcw0ZWSWO7kH55x.XWyPgMhS', 1, NOW()),
(94, 5, 'nv093@lawfirm.erp', '$2y$12$Oergst.CYv4Fr/bUMsUFJuO/fuvvDjcw0ZWSWO7kH55x.XWyPgMhS', 1, NOW()),
(95, 5, 'nv094@lawfirm.erp', '$2y$12$Oergst.CYv4Fr/bUMsUFJuO/fuvvDjcw0ZWSWO7kH55x.XWyPgMhS', 1, NOW()),
(96, 3, 'nv095@lawfirm.erp', '$2y$12$Oergst.CYv4Fr/bUMsUFJuO/fuvvDjcw0ZWSWO7kH55x.XWyPgMhS', 1, NOW()),
(97, 2, 'nv096@lawfirm.erp', '$2y$12$Oergst.CYv4Fr/bUMsUFJuO/fuvvDjcw0ZWSWO7kH55x.XWyPgMhS', 1, NOW()),
(98, 2, 'nv097@lawfirm.erp', '$2y$12$Oergst.CYv4Fr/bUMsUFJuO/fuvvDjcw0ZWSWO7kH55x.XWyPgMhS', 1, NOW()),
(99, 4, 'nv098@lawfirm.erp', '$2y$12$Oergst.CYv4Fr/bUMsUFJuO/fuvvDjcw0ZWSWO7kH55x.XWyPgMhS', 1, NOW()),
(100, 2, 'nv099@lawfirm.erp', '$2y$12$Oergst.CYv4Fr/bUMsUFJuO/fuvvDjcw0ZWSWO7kH55x.XWyPgMhS', 1, NOW()),
(101, 4, 'nv100@lawfirm.erp', '$2y$12$Oergst.CYv4Fr/bUMsUFJuO/fuvvDjcw0ZWSWO7kH55x.XWyPgMhS', 1, NOW());

-- 2. DỮ LIỆU MẪU BẢNG EMPLOYEES
INSERT INTO `employees` (`id`, `user_id`, `full_name`, `dob`, `identity_card`, `address`, `join_date`, `salary_base`, `position`, `department_id`, `bank_name`, `bank_account`, `created_at`) VALUES
(2, 2, 'Lê Văn Lan', '1996-03-16', '689853811380', 'Số 17, Phố Nam, Quận 7, Hà Nội', '2025-03-25', 21000000, 'Nhân viên IT', 3, 'Vietinbank', '1992879760', NOW()),
(3, 3, 'Đặng Hữu Nam', '2000-03-16', '032086846475', 'Số 60, Phố Long, Quận 8, Hà Nội', '2025-01-14', 21000000, 'Hành chính', 6, 'Agribank', '0594595830', NOW()),
(4, 4, 'Đỗ Quang Hùng', '1999-03-16', '980916424864', 'Số 60, Phố Trang, Quận 7, Hà Nội', '2026-01-19', 10000000, 'Kế toán', 5, 'TPBank', '8909943173', NOW()),
(5, 5, 'Nguyễn Thị Nam', '1991-03-16', '411270172503', 'Số 79, Phố Thành, Quận 5, Hà Nội', '2024-11-16', 21000000, 'Nhân viên IT', 5, 'Vietinbank', '1191812696', NOW()),
(6, 6, 'Hoàng Hữu Thảo', '1984-03-16', '005031857316', 'Số 2, Phố Hùng, Quận 12, Hà Nội', '2024-12-31', 19000000, 'Nhân viên IT', 3, 'Vietcombank', '6069894407', NOW()),
(7, 7, 'Nguyễn Anh Giang', '1988-03-16', '818231308552', 'Số 82, Phố Thành, Quận 5, Hà Nội', '2025-09-19', 32000000, 'Thư ký', 3, 'BIDV', '5930705341', NOW()),
(8, 8, 'Hoàng Minh Bình', '1983-03-16', '873436464694', 'Số 61, Phố Giang, Quận 11, Hà Nội', '2024-11-12', 30000000, 'Kế toán', 5, 'Techcombank', '1112927324', NOW()),
(9, 9, 'Đỗ Anh Nam', '2000-03-16', '632508962023', 'Số 22, Phố Hùng, Quận 7, Hà Nội', '2025-08-20', 28000000, 'Chuyên viên nhân sự', 2, 'MB Bank', '5057799953', NOW()),
(10, 10, 'Đỗ Ngọc Nam', '1981-03-16', '544439980878', 'Số 89, Phố Lan, Quận 10, Hà Nội', '2025-04-21', 27000000, 'Luật sư', 1, 'TPBank', '9931117051', NOW()),
(11, 11, 'Đỗ Đình Linh', '1991-03-16', '204687285300', 'Số 85, Phố Cường, Quận 11, Hà Nội', '2025-07-28', 32000000, 'Lễ tân', 1, 'Agribank', '4104667744', NOW()),
(12, 12, 'Phan Quang Hùng', '1988-03-16', '332819393451', 'Số 18, Phố Sơn, Quận 8, Hà Nội', '2025-09-08', 38000000, 'Nhân viên IT', 4, 'TPBank', '5502723822', NOW()),
(13, 13, 'Phan Hữu Yến', '1986-03-16', '864303886013', 'Số 61, Phố Cường, Quận 8, Hà Nội', '2025-02-22', 29000000, 'Kế toán', 6, 'MB Bank', '5391560890', NOW()),
(14, 14, 'Lê Minh Sơn', '1985-03-16', '189113365265', 'Số 52, Phố Yến, Quận 11, Hà Nội', '2026-01-09', 32000000, 'Nhân viên IT', 6, 'Vietinbank', '9308411268', NOW()),
(15, 15, 'Hoàng Hữu Giang', '1996-03-16', '189435038798', 'Số 27, Phố Bình, Quận 10, Hà Nội', '2025-03-11', 18000000, 'Chuyên viên pháp lý', 3, 'Techcombank', '1668398471', NOW()),
(16, 16, 'Trần Ngọc Trang', '1999-03-16', '939881225161', 'Số 35, Phố Hoa, Quận 8, Hà Nội', '2025-05-16', 27000000, 'Hành chính', 6, 'Agribank', '6753104102', NOW()),
(17, 17, 'Phan Thị Hoa', '1982-03-16', '977078803146', 'Số 61, Phố Tuấn, Quận 11, Hà Nội', '2026-02-21', 19000000, 'Luật sư', 3, 'TPBank', '8561808405', NOW()),
(18, 18, 'Lê Minh Thành', '1996-03-16', '894113042652', 'Số 95, Phố Giang, Quận 4, Hà Nội', '2025-08-05', 36000000, 'Lễ tân', 3, 'Vietcombank', '0103466754', NOW()),
(19, 19, 'Trần Thanh Giang', '1984-03-16', '541457361582', 'Số 56, Phố Thành, Quận 7, Hà Nội', '2025-01-10', 43000000, 'Nhân viên IT', 1, 'Vietinbank', '2812651166', NOW()),
(20, 20, 'Lê Thị Bình', '1999-03-16', '120044291788', 'Số 90, Phố Cường, Quận 2, Hà Nội', '2025-02-25', 11000000, 'Chuyên viên nhân sự', 5, 'Vietcombank', '8938025287', NOW()),
(21, 21, 'Đặng Thị Nam', '1989-03-16', '647654412005', 'Số 11, Phố Cường, Quận 2, Hà Nội', '2025-11-02', 20000000, 'Chuyên viên nhân sự', 1, 'Agribank', '4818499681', NOW()),
(22, 22, 'Nguyễn Thị Cường', '1983-03-16', '059062704657', 'Số 36, Phố Hải, Quận 6, Hà Nội', '2025-08-30', 20000000, 'Thư ký', 3, 'BIDV', '0946016693', NOW()),
(23, 23, 'Vũ Hữu Cường', '1986-03-16', '492276454141', 'Số 61, Phố Nam, Quận 4, Hà Nội', '2025-12-23', 45000000, 'Chuyên viên nhân sự', 6, 'TPBank', '8026629751', NOW()),
(24, 24, 'Bùi Thị Yến', '1992-03-16', '201157571828', 'Số 47, Phố Bình, Quận 10, Hà Nội', '2024-12-02', 30000000, 'Hành chính', 1, 'BIDV', '4974405510', NOW()),
(25, 25, 'Đỗ Văn Trang', '2001-03-16', '714402446730', 'Số 39, Phố Cường, Quận 8, Hà Nội', '2025-03-10', 46000000, 'Hành chính', 1, 'Agribank', '0296082095', NOW()),
(26, 26, 'Trần Đình Kiều', '1987-03-16', '015423448300', 'Số 58, Phố Long, Quận 5, Hà Nội', '2024-11-25', 24000000, 'Nhân viên IT', 5, 'Agribank', '6866856609', NOW()),
(27, 27, 'Hoàng Văn Long', '1997-03-16', '369870678899', 'Số 91, Phố Thành, Quận 8, Hà Nội', '2024-12-21', 26000000, 'Thư ký', 2, 'Vietinbank', '2468000092', NOW()),
(28, 28, 'Đỗ Thanh Yến', '1996-03-16', '586287740373', 'Số 60, Phố Hải, Quận 6, Hà Nội', '2025-05-27', 29000000, 'Hành chính', 2, 'Vietcombank', '0039637131', NOW()),
(29, 29, 'Nguyễn Quang Kiều', '1992-03-16', '631526407000', 'Số 88, Phố Trang, Quận 10, Hà Nội', '2025-03-08', 27000000, 'Chuyên viên pháp lý', 5, 'Vietinbank', '1912482633', NOW()),
(30, 30, 'Phạm Thanh Hùng', '1992-03-16', '274148447188', 'Số 84, Phố Tú, Quận 7, Hà Nội', '2024-11-14', 25000000, 'Chuyên viên nhân sự', 2, 'TPBank', '5263085505', NOW()),
(31, 31, 'Đỗ Đình Hương', '1994-03-16', '108710151361', 'Số 73, Phố Hương, Quận 9, Hà Nội', '2026-01-28', 23000000, 'Kế toán', 1, 'Agribank', '8076783119', NOW()),
(32, 32, 'Nguyễn Đình Tuấn', '1992-03-16', '640298221159', 'Số 48, Phố Hải, Quận 12, Hà Nội', '2025-07-26', 30000000, 'Thư ký', 3, 'Agribank', '2793070120', NOW()),
(33, 33, 'Đỗ Xuân Tuấn', '1983-03-16', '088045427484', 'Số 85, Phố Tú, Quận 12, Hà Nội', '2026-02-22', 21000000, 'Luật sư', 2, 'Agribank', '2659366024', NOW()),
(34, 34, 'Vũ Văn Sơn', '1998-03-16', '184431946416', 'Số 35, Phố Dũng, Quận 6, Hà Nội', '2025-03-13', 25000000, 'Thư ký', 5, 'Vietcombank', '3367862135', NOW()),
(35, 35, 'Hoàng Minh Yến', '1987-03-16', '811771966148', 'Số 92, Phố Sơn, Quận 11, Hà Nội', '2025-08-31', 13000000, 'Thư ký', 5, 'Agribank', '0215888394', NOW()),
(36, 36, 'Vũ Minh Hương', '1984-03-16', '436304181647', 'Số 43, Phố Long, Quận 2, Hà Nội', '2025-03-29', 50000000, 'Nhân viên IT', 1, 'BIDV', '7535856344', NOW()),
(37, 37, 'Đặng Ngọc Sơn', '1988-03-16', '685010070072', 'Số 25, Phố Hương, Quận 3, Hà Nội', '2024-12-15', 45000000, 'Lễ tân', 1, 'Vietcombank', '4432320186', NOW()),
(38, 38, 'Bùi Thị Hùng', '1998-03-16', '642245398207', 'Số 61, Phố Bình, Quận 9, Hà Nội', '2025-06-07', 23000000, 'Kế toán', 2, 'BIDV', '8288505156', NOW()),
(39, 39, 'Trần Quang Hải', '1990-03-16', '117664672302', 'Số 64, Phố Giang, Quận 7, Hà Nội', '2025-09-08', 33000000, 'Hành chính', 5, 'Techcombank', '9896905609', NOW()),
(40, 40, 'Phạm Minh Sơn', '1996-03-16', '874541129943', 'Số 36, Phố Bình, Quận 9, Hà Nội', '2024-11-12', 19000000, 'Kế toán', 3, 'BIDV', '6369353754', NOW()),
(41, 41, 'Trần Văn Cường', '1993-03-16', '610074848746', 'Số 2, Phố Tuấn, Quận 10, Hà Nội', '2025-12-27', 41000000, 'Chuyên viên nhân sự', 2, 'Techcombank', '7370236116', NOW()),
(42, 42, 'Đặng Đình Linh', '1982-03-16', '237976945075', 'Số 13, Phố Cường, Quận 10, Hà Nội', '2025-04-24', 35000000, 'Chuyên viên nhân sự', 3, 'Techcombank', '3491556607', NOW()),
(43, 43, 'Lê Thanh Hoa', '1987-03-16', '445296248439', 'Số 61, Phố Lan, Quận 5, Hà Nội', '2025-04-21', 39000000, 'Kế toán', 6, 'Vietcombank', '2626271228', NOW()),
(44, 44, 'Nguyễn Văn Kiều', '1994-03-16', '333998890647', 'Số 23, Phố Thành, Quận 12, Hà Nội', '2025-06-25', 32000000, 'Chuyên viên nhân sự', 1, 'Techcombank', '9111130944', NOW()),
(45, 45, 'Lê Quang Dũng', '1984-03-16', '078429160049', 'Số 97, Phố Hương, Quận 10, Hà Nội', '2025-09-10', 36000000, 'Chuyên viên pháp lý', 6, 'Vietcombank', '1097143065', NOW()),
(46, 46, 'Vũ Anh Hải', '1984-03-16', '590164968416', 'Số 24, Phố Bình, Quận 9, Hà Nội', '2026-02-19', 38000000, 'Nhân viên IT', 2, 'Vietcombank', '5934123534', NOW()),
(47, 47, 'Hoàng Thanh Tú', '2001-03-16', '020733860372', 'Số 15, Phố Giang, Quận 7, Hà Nội', '2025-05-01', 38000000, 'Thư ký', 3, 'Vietcombank', '1009854637', NOW()),
(48, 48, 'Bùi Văn Kiều', '1989-03-16', '240081509711', 'Số 16, Phố Hùng, Quận 8, Hà Nội', '2025-02-23', 50000000, 'Chuyên viên pháp lý', 2, 'TPBank', '0493478462', NOW()),
(49, 49, 'Trần Quang Tú', '1983-03-16', '071747960847', 'Số 60, Phố Bình, Quận 11, Hà Nội', '2025-01-11', 44000000, 'Nhân viên IT', 3, 'Vietcombank', '2775015591', NOW()),
(50, 50, 'Phạm Đình Linh', '1986-03-16', '872974108038', 'Số 27, Phố Giang, Quận 3, Hà Nội', '2026-01-30', 24000000, 'Luật sư', 5, 'Agribank', '8507369892', NOW()),
(51, 51, 'Vũ Minh Hùng', '1990-03-16', '105590852950', 'Số 44, Phố Hương, Quận 10, Hà Nội', '2025-08-30', 38000000, 'Luật sư', 4, 'MB Bank', '7279287138', NOW()),
(52, 52, 'Trần Minh Hải', '1987-03-16', '444424033982', 'Số 50, Phố Giang, Quận 11, Hà Nội', '2026-02-06', 33000000, 'Kế toán', 1, 'Techcombank', '5346665826', NOW()),
(53, 53, 'Trần Quang Trang', '1988-03-16', '937469168718', 'Số 25, Phố Cường, Quận 10, Hà Nội', '2025-04-11', 10000000, 'Thư ký', 4, 'Vietinbank', '7959635351', NOW()),
(54, 54, 'Đỗ Xuân Hoa', '1987-03-16', '935066627616', 'Số 35, Phố Tú, Quận 2, Hà Nội', '2025-01-28', 11000000, 'Lễ tân', 6, 'Agribank', '8144701578', NOW()),
(55, 55, 'Phạm Quang Lan', '1994-03-16', '537351119359', 'Số 55, Phố Kiều, Quận 8, Hà Nội', '2025-09-04', 48000000, 'Hành chính', 2, 'Vietinbank', '3452907668', NOW()),
(56, 56, 'Vũ Thị Thành', '1988-03-16', '695614225797', 'Số 90, Phố Hương, Quận 11, Hà Nội', '2025-04-02', 49000000, 'Chuyên viên nhân sự', 3, 'MB Bank', '1670869668', NOW()),
(57, 57, 'Trần Đình Tuấn', '1996-03-16', '233994095384', 'Số 96, Phố Kiều, Quận 2, Hà Nội', '2025-10-08', 36000000, 'Hành chính', 4, 'MB Bank', '3237049421', NOW()),
(58, 58, 'Phạm Anh Long', '1983-03-16', '726359876863', 'Số 75, Phố Trang, Quận 6, Hà Nội', '2025-07-04', 35000000, 'Luật sư', 2, 'BIDV', '3824339258', NOW()),
(59, 59, 'Bùi Xuân Bình', '1999-03-16', '197007242043', 'Số 54, Phố Trang, Quận 6, Hà Nội', '2025-03-21', 50000000, 'Lễ tân', 2, 'Techcombank', '7751642216', NOW()),
(60, 60, 'Đỗ Văn Yến', '1985-03-16', '778645766058', 'Số 10, Phố Giang, Quận 5, Hà Nội', '2025-05-10', 49000000, 'Kế toán', 2, 'Vietinbank', '5177587215', NOW()),
(61, 61, 'Đặng Ngọc Trang', '1998-03-16', '602758865390', 'Số 89, Phố Sơn, Quận 9, Hà Nội', '2025-08-20', 37000000, 'Hành chính', 3, 'TPBank', '0231848957', NOW()),
(62, 62, 'Phạm Thanh Thành', '2001-03-16', '161719123602', 'Số 68, Phố Dũng, Quận 4, Hà Nội', '2025-01-17', 49000000, 'Nhân viên IT', 4, 'MB Bank', '6965575226', NOW()),
(63, 63, 'Nguyễn Xuân Giang', '1996-03-16', '241637931717', 'Số 25, Phố Bình, Quận 4, Hà Nội', '2025-01-30', 29000000, 'Thư ký', 3, 'Vietinbank', '7697858521', NOW()),
(64, 64, 'Đỗ Quang Bình', '1988-03-16', '993296398845', 'Số 21, Phố Yến, Quận 10, Hà Nội', '2026-01-01', 22000000, 'Hành chính', 3, 'MB Bank', '0569129853', NOW()),
(65, 65, 'Đỗ Anh Long', '1984-03-16', '357182317250', 'Số 34, Phố Hùng, Quận 9, Hà Nội', '2026-01-21', 40000000, 'Chuyên viên nhân sự', 1, 'BIDV', '2674197774', NOW()),
(66, 66, 'Vũ Xuân Thảo', '1999-03-16', '553597566741', 'Số 68, Phố Lan, Quận 12, Hà Nội', '2025-12-21', 13000000, 'Nhân viên IT', 5, 'Agribank', '0665002944', NOW()),
(67, 67, 'Đặng Minh Yến', '1999-03-16', '355203034770', 'Số 88, Phố Thảo, Quận 7, Hà Nội', '2025-08-17', 33000000, 'Lễ tân', 3, 'Agribank', '6231519763', NOW()),
(68, 68, 'Đặng Thị Hải', '1999-03-16', '584010920648', 'Số 68, Phố Thảo, Quận 12, Hà Nội', '2024-11-09', 42000000, 'Chuyên viên nhân sự', 6, 'Techcombank', '8884207218', NOW()),
(69, 69, 'Vũ Ngọc Long', '1986-03-16', '594760767565', 'Số 33, Phố Sơn, Quận 7, Hà Nội', '2025-04-26', 30000000, 'Luật sư', 5, 'Techcombank', '6708655903', NOW()),
(70, 70, 'Phạm Ngọc Hùng', '1981-03-16', '050418109560', 'Số 50, Phố Trang, Quận 4, Hà Nội', '2025-12-17', 17000000, 'Chuyên viên nhân sự', 1, 'Vietcombank', '9936957341', NOW()),
(71, 71, 'Bùi Hữu Hoa', '1987-03-16', '455513793863', 'Số 79, Phố Tuấn, Quận 2, Hà Nội', '2025-03-17', 18000000, 'Chuyên viên pháp lý', 5, 'MB Bank', '4076047822', NOW()),
(72, 72, 'Phạm Anh Giang', '1983-03-16', '385849668140', 'Số 49, Phố Trang, Quận 5, Hà Nội', '2026-02-03', 28000000, 'Nhân viên IT', 1, 'Agribank', '7956472813', NOW()),
(73, 73, 'Đặng Thị Hùng', '1988-03-16', '619186078839', 'Số 53, Phố Yến, Quận 3, Hà Nội', '2025-02-22', 39000000, 'Lễ tân', 4, 'Agribank', '1524358099', NOW()),
(74, 74, 'Bùi Xuân Yến', '1992-03-16', '705701893197', 'Số 83, Phố Bình, Quận 9, Hà Nội', '2025-01-14', 28000000, 'Lễ tân', 6, 'BIDV', '2336294473', NOW()),
(75, 75, 'Phạm Quang Tú', '1984-03-16', '821041751539', 'Số 59, Phố Bình, Quận 10, Hà Nội', '2025-07-11', 27000000, 'Nhân viên IT', 4, 'Agribank', '6147735373', NOW()),
(76, 76, 'Hoàng Quang Bình', '1998-03-16', '725035442018', 'Số 62, Phố Bình, Quận 10, Hà Nội', '2025-10-25', 38000000, 'Luật sư', 3, 'Agribank', '7072207478', NOW()),
(77, 77, 'Nguyễn Quang Hoa', '1987-03-16', '631425288280', 'Số 13, Phố Cường, Quận 4, Hà Nội', '2025-01-07', 10000000, 'Luật sư', 2, 'BIDV', '0419931818', NOW()),
(78, 78, 'Phạm Đình Thành', '1989-03-16', '763414390695', 'Số 63, Phố Giang, Quận 12, Hà Nội', '2024-12-23', 42000000, 'Luật sư', 1, 'MB Bank', '6969739118', NOW()),
(79, 79, 'Nguyễn Xuân Yến', '1985-03-16', '965532502869', 'Số 97, Phố Hương, Quận 7, Hà Nội', '2025-02-04', 43000000, 'Lễ tân', 5, 'Vietcombank', '5748692151', NOW()),
(80, 80, 'Phạm Minh Bình', '1998-03-16', '171142827333', 'Số 47, Phố Trang, Quận 7, Hà Nội', '2025-06-24', 45000000, 'Thư ký', 1, 'Techcombank', '9034784968', NOW()),
(81, 81, 'Lê Hữu Hùng', '1984-03-16', '355900820644', 'Số 29, Phố Thảo, Quận 4, Hà Nội', '2025-11-30', 37000000, 'Thư ký', 5, 'MB Bank', '6860838218', NOW()),
(82, 82, 'Đặng Văn Tuấn', '1999-03-16', '844180197024', 'Số 50, Phố Thành, Quận 8, Hà Nội', '2025-02-15', 18000000, 'Kế toán', 4, 'Vietinbank', '1343422710', NOW()),
(83, 83, 'Phan Anh Hùng', '1982-03-16', '256219462064', 'Số 89, Phố Linh, Quận 6, Hà Nội', '2025-03-28', 45000000, 'Chuyên viên pháp lý', 5, 'TPBank', '4969800335', NOW()),
(84, 84, 'Đặng Anh Tú', '1997-03-16', '757532946813', 'Số 44, Phố Sơn, Quận 9, Hà Nội', '2025-09-07', 48000000, 'Luật sư', 1, 'Vietinbank', '2512039607', NOW()),
(85, 85, 'Lê Hữu Cường', '1995-03-16', '764400091787', 'Số 30, Phố Dũng, Quận 8, Hà Nội', '2024-11-08', 39000000, 'Nhân viên IT', 4, 'Vietcombank', '8269172083', NOW()),
(86, 86, 'Vũ Anh Kiều', '2000-03-16', '234667580534', 'Số 57, Phố Hải, Quận 4, Hà Nội', '2025-07-04', 32000000, 'Lễ tân', 1, 'BIDV', '5907770537', NOW()),
(87, 87, 'Lê Xuân Yến', '1987-03-16', '045046846071', 'Số 63, Phố Hương, Quận 6, Hà Nội', '2025-09-27', 45000000, 'Thư ký', 5, 'Techcombank', '4734999386', NOW()),
(88, 88, 'Phạm Thanh Giang', '1998-03-16', '168703531795', 'Số 99, Phố Trang, Quận 2, Hà Nội', '2026-01-13', 39000000, 'Lễ tân', 3, 'BIDV', '7216809701', NOW()),
(89, 89, 'Đỗ Thị Linh', '2000-03-16', '355650804615', 'Số 3, Phố Long, Quận 8, Hà Nội', '2024-11-09', 42000000, 'Kế toán', 5, 'MB Bank', '9260965952', NOW()),
(90, 90, 'Trần Ngọc Linh', '1993-03-16', '351994364001', 'Số 87, Phố Hương, Quận 3, Hà Nội', '2025-09-22', 12000000, 'Thư ký', 1, 'MB Bank', '9369735600', NOW()),
(91, 91, 'Phạm Thị Kiều', '1988-03-16', '934811518711', 'Số 85, Phố Cường, Quận 9, Hà Nội', '2025-08-25', 31000000, 'Kế toán', 5, 'Vietcombank', '3501954033', NOW()),
(92, 92, 'Phan Đình Yến', '1984-03-16', '880466314657', 'Số 42, Phố Cường, Quận 9, Hà Nội', '2025-07-27', 50000000, 'Kế toán', 1, 'Vietinbank', '6495144553', NOW()),
(93, 93, 'Phạm Xuân Cường', '1992-03-16', '471952186775', 'Số 10, Phố Nam, Quận 12, Hà Nội', '2025-04-20', 11000000, 'Luật sư', 5, 'Vietcombank', '5101626522', NOW()),
(94, 94, 'Nguyễn Minh Hoa', '1998-03-16', '726578204383', 'Số 6, Phố Thảo, Quận 7, Hà Nội', '2025-03-05', 40000000, 'Luật sư', 2, 'Vietinbank', '6757881821', NOW()),
(95, 95, 'Vũ Văn Linh', '1984-03-16', '369427533063', 'Số 11, Phố Lan, Quận 10, Hà Nội', '2025-08-05', 46000000, 'Hành chính', 2, 'BIDV', '1958991328', NOW()),
(96, 96, 'Nguyễn Minh Giang', '1985-03-16', '678811176263', 'Số 19, Phố Tuấn, Quận 5, Hà Nội', '2025-09-04', 39000000, 'Hành chính', 2, 'Vietcombank', '5592308469', NOW()),
(97, 97, 'Trần Xuân Thảo', '1988-03-16', '493819304293', 'Số 21, Phố Cường, Quận 11, Hà Nội', '2025-02-07', 38000000, 'Luật sư', 3, 'MB Bank', '6726522008', NOW()),
(98, 98, 'Hoàng Anh Hương', '1994-03-16', '506128273298', 'Số 41, Phố Cường, Quận 1, Hà Nội', '2025-05-27', 28000000, 'Lễ tân', 2, 'Techcombank', '9816197088', NOW()),
(99, 99, 'Phan Thanh Sơn', '1990-03-16', '657439821909', 'Số 93, Phố Cường, Quận 1, Hà Nội', '2025-07-14', 44000000, 'Chuyên viên pháp lý', 4, 'TPBank', '7213837492', NOW()),
(100, 100, 'Đặng Đình Trang', '2000-03-16', '508849712085', 'Số 27, Phố Dũng, Quận 9, Hà Nội', '2025-06-21', 32000000, 'Hành chính', 3, 'Vietinbank', '0799330260', NOW()),
(101, 101, 'Đặng Hữu Trang', '2000-03-16', '585334332471', 'Số 81, Phố Dũng, Quận 2, Hà Nội', '2025-09-23', 21000000, 'Luật sư', 6, 'Techcombank', '3835807033', NOW());

-- 3. DỮ LIỆU MẪU BẢNG ATTENDANCES
INSERT INTO `attendances` (`employee_id`, `attendance_date`, `check_in_time`, `check_out_time`, `worked_hours`, `status`, `is_valid_location`, `created_at`) VALUES
(32, '2026-03-06', '2026-03-06 09:26:00', '2026-03-06 17:39:00', 8.22, 'LATE', 1, NOW()),
(36, '2026-03-09', '2026-03-09 08:25:00', '2026-03-09 17:12:00', 8.78, 'REGULAR', 1, NOW()),
(45, '2026-03-03', '2026-03-03 08:18:00', '2026-03-03 17:09:00', 8.85, 'REGULAR', 1, NOW()),
(13, '2026-03-06', '2026-03-06 08:02:00', '2026-03-06 17:06:00', 9.07, 'REGULAR', 1, NOW()),
(27, '2026-03-02', '2026-03-02 08:09:00', '2026-03-02 17:22:00', 9.22, 'REGULAR', 1, NOW()),
(67, '2026-03-13', '2026-03-13 08:03:00', '2026-03-13 17:18:00', 9.25, 'REGULAR', 1, NOW()),
(53, '2026-03-08', '2026-03-08 08:10:00', '2026-03-08 17:28:00', 9.3, 'REGULAR', 1, NOW()),
(59, '2026-03-06', '2026-03-06 08:10:00', '2026-03-06 17:44:00', 9.57, 'REGULAR', 1, NOW()),
(14, '2026-03-08', '2026-03-08 08:01:00', '2026-03-08 17:34:00', 9.55, 'REGULAR', 1, NOW()),
(4, '2026-03-03', '2026-03-03 08:30:00', '2026-03-03 17:22:00', 8.87, 'REGULAR', 1, NOW()),
(14, '2026-03-07', '2026-03-07 08:18:00', '2026-03-07 17:08:00', 8.83, 'REGULAR', 1, NOW()),
(27, '2026-03-15', '2026-03-15 08:10:00', '2026-03-15 17:21:00', 9.18, 'REGULAR', 1, NOW()),
(6, '2026-03-05', '2026-03-05 08:25:00', '2026-03-05 17:44:00', 9.32, 'REGULAR', 1, NOW()),
(100, '2026-03-14', '2026-03-14 08:29:00', '2026-03-14 17:05:00', 8.6, 'REGULAR', 1, NOW()),
(59, '2026-03-09', '2026-03-09 08:13:00', '2026-03-09 17:45:00', 9.53, 'REGULAR', 1, NOW()),
(16, '2026-03-10', '2026-03-10 08:11:00', '2026-03-10 17:16:00', 9.08, 'REGULAR', 1, NOW()),
(43, '2026-03-07', '2026-03-07 08:10:00', '2026-03-07 17:28:00', 9.3, 'REGULAR', 1, NOW()),
(66, '2026-03-11', '2026-03-11 08:23:00', '2026-03-11 17:20:00', 8.95, 'REGULAR', 1, NOW()),
(20, '2026-03-06', '2026-03-06 08:05:00', '2026-03-06 17:40:00', 9.58, 'REGULAR', 1, NOW()),
(39, '2026-03-11', '2026-03-11 08:14:00', '2026-03-11 17:19:00', 9.08, 'REGULAR', 1, NOW()),
(83, '2026-03-03', '2026-03-03 08:21:00', '2026-03-03 17:44:00', 9.38, 'REGULAR', 1, NOW()),
(33, '2026-03-02', '2026-03-02 08:20:00', '2026-03-02 17:41:00', 9.35, 'REGULAR', 1, NOW()),
(87, '2026-03-05', '2026-03-05 08:22:00', '2026-03-05 17:05:00', 8.72, 'REGULAR', 1, NOW()),
(75, '2026-03-01', '2026-03-01 08:25:00', '2026-03-01 17:25:00', 9, 'REGULAR', 1, NOW()),
(96, '2026-03-09', '2026-03-09 08:29:00', '2026-03-09 17:43:00', 9.23, 'REGULAR', 1, NOW()),
(2, '2026-03-06', '2026-03-06 09:28:00', '2026-03-06 17:01:00', 7.55, 'LATE', 1, NOW()),
(6, '2026-03-06', '2026-03-06 09:09:00', '2026-03-06 17:11:00', 8.03, 'LATE', 1, NOW()),
(100, '2026-03-06', '2026-03-06 08:07:00', '2026-03-06 17:32:00', 9.42, 'REGULAR', 1, NOW()),
(38, '2026-03-08', '2026-03-08 08:09:00', '2026-03-08 17:38:00', 9.48, 'REGULAR', 1, NOW()),
(54, '2026-03-02', '2026-03-02 08:24:00', '2026-03-02 17:21:00', 8.95, 'REGULAR', 1, NOW()),
(50, '2026-03-13', '2026-03-13 09:23:00', '2026-03-13 17:02:00', 7.65, 'LATE', 1, NOW()),
(76, '2026-03-07', '2026-03-07 08:13:00', '2026-03-07 17:33:00', 9.33, 'REGULAR', 1, NOW()),
(29, '2026-03-01', '2026-03-01 08:05:00', '2026-03-01 17:43:00', 9.63, 'REGULAR', 1, NOW()),
(101, '2026-03-02', '2026-03-02 08:01:00', '2026-03-02 17:16:00', 9.25, 'REGULAR', 1, NOW()),
(27, '2026-03-08', '2026-03-08 08:19:00', '2026-03-08 17:22:00', 9.05, 'REGULAR', 1, NOW()),
(57, '2026-03-15', '2026-03-15 08:25:00', '2026-03-15 17:32:00', 9.12, 'REGULAR', 1, NOW()),
(42, '2026-03-10', '2026-03-10 08:18:00', '2026-03-10 17:16:00', 8.97, 'REGULAR', 1, NOW()),
(52, '2026-03-09', '2026-03-09 08:19:00', '2026-03-09 17:19:00', 9, 'REGULAR', 1, NOW()),
(28, '2026-03-06', '2026-03-06 08:27:00', '2026-03-06 17:38:00', 9.18, 'REGULAR', 1, NOW()),
(101, '2026-03-06', '2026-03-06 08:11:00', '2026-03-06 17:28:00', 9.28, 'REGULAR', 1, NOW()),
(41, '2026-03-05', '2026-03-05 08:20:00', '2026-03-05 17:04:00', 8.73, 'REGULAR', 1, NOW()),
(38, '2026-03-08', '2026-03-08 08:29:00', '2026-03-08 17:20:00', 8.85, 'REGULAR', 1, NOW()),
(33, '2026-03-10', '2026-03-10 08:05:00', '2026-03-10 17:39:00', 9.57, 'REGULAR', 1, NOW()),
(47, '2026-03-10', '2026-03-10 08:18:00', '2026-03-10 17:20:00', 9.03, 'REGULAR', 1, NOW()),
(56, '2026-03-04', '2026-03-04 08:17:00', '2026-03-04 17:16:00', 8.98, 'REGULAR', 1, NOW()),
(88, '2026-03-09', '2026-03-09 09:18:00', '2026-03-09 17:00:00', 7.7, 'LATE', 1, NOW()),
(46, '2026-03-10', '2026-03-10 09:19:00', '2026-03-10 17:22:00', 8.05, 'LATE', 1, NOW()),
(28, '2026-03-01', '2026-03-01 08:14:00', '2026-03-01 17:01:00', 8.78, 'REGULAR', 1, NOW()),
(90, '2026-03-12', '2026-03-12 08:08:00', '2026-03-12 17:08:00', 9, 'REGULAR', 1, NOW()),
(87, '2026-03-11', '2026-03-11 08:18:00', '2026-03-11 17:22:00', 9.07, 'REGULAR', 1, NOW()),
(37, '2026-03-09', '2026-03-09 08:13:00', '2026-03-09 17:26:00', 9.22, 'REGULAR', 1, NOW()),
(96, '2026-03-03', '2026-03-03 08:25:00', '2026-03-03 17:21:00', 8.93, 'REGULAR', 1, NOW()),
(8, '2026-03-14', '2026-03-14 08:08:00', '2026-03-14 17:39:00', 9.52, 'REGULAR', 1, NOW()),
(86, '2026-03-04', '2026-03-04 08:24:00', '2026-03-04 17:22:00', 8.97, 'REGULAR', 1, NOW()),
(62, '2026-03-02', '2026-03-02 08:25:00', '2026-03-02 17:10:00', 8.75, 'REGULAR', 1, NOW()),
(1, '2026-03-09', '2026-03-09 08:02:00', '2026-03-09 17:07:00', 9.08, 'REGULAR', 1, NOW()),
(69, '2026-03-09', '2026-03-09 08:21:00', '2026-03-09 17:13:00', 8.87, 'REGULAR', 1, NOW()),
(51, '2026-03-08', '2026-03-08 08:07:00', '2026-03-08 17:40:00', 9.55, 'REGULAR', 1, NOW()),
(48, '2026-03-09', '2026-03-09 08:17:00', '2026-03-09 17:28:00', 9.18, 'REGULAR', 1, NOW()),
(32, '2026-03-03', '2026-03-03 08:06:00', '2026-03-03 17:12:00', 9.1, 'REGULAR', 1, NOW()),
(35, '2026-03-06', '2026-03-06 08:29:00', '2026-03-06 17:34:00', 9.08, 'REGULAR', 1, NOW()),
(35, '2026-03-13', '2026-03-13 08:24:00', '2026-03-13 17:08:00', 8.73, 'REGULAR', 1, NOW()),
(73, '2026-03-06', '2026-03-06 09:13:00', '2026-03-06 17:17:00', 8.07, 'LATE', 1, NOW()),
(46, '2026-03-12', '2026-03-12 08:22:00', '2026-03-12 17:28:00', 9.1, 'REGULAR', 1, NOW()),
(68, '2026-03-13', '2026-03-13 08:24:00', '2026-03-13 17:14:00', 8.83, 'REGULAR', 1, NOW()),
(23, '2026-03-09', '2026-03-09 08:21:00', '2026-03-09 17:45:00', 9.4, 'REGULAR', 1, NOW()),
(24, '2026-03-15', '2026-03-15 08:29:00', '2026-03-15 17:34:00', 9.08, 'REGULAR', 1, NOW()),
(4, '2026-03-14', '2026-03-14 08:13:00', '2026-03-14 17:30:00', 9.28, 'REGULAR', 1, NOW()),
(70, '2026-03-04', '2026-03-04 08:06:00', '2026-03-04 17:08:00', 9.03, 'REGULAR', 1, NOW()),
(49, '2026-03-03', '2026-03-03 08:07:00', '2026-03-03 17:17:00', 9.17, 'REGULAR', 1, NOW()),
(55, '2026-03-04', '2026-03-04 08:27:00', '2026-03-04 17:16:00', 8.82, 'REGULAR', 1, NOW()),
(79, '2026-03-03', '2026-03-03 08:20:00', '2026-03-03 17:25:00', 9.08, 'REGULAR', 1, NOW()),
(39, '2026-03-10', '2026-03-10 08:12:00', '2026-03-10 17:15:00', 9.05, 'REGULAR', 1, NOW()),
(35, '2026-03-10', '2026-03-10 09:02:00', '2026-03-10 17:19:00', 8.28, 'LATE', 1, NOW()),
(47, '2026-03-01', '2026-03-01 08:21:00', '2026-03-01 17:41:00', 9.33, 'REGULAR', 1, NOW()),
(20, '2026-03-12', '2026-03-12 08:18:00', '2026-03-12 17:10:00', 8.87, 'REGULAR', 1, NOW()),
(1, '2026-03-03', '2026-03-03 08:08:00', '2026-03-03 17:45:00', 9.62, 'REGULAR', 1, NOW()),
(26, '2026-03-05', '2026-03-05 08:14:00', '2026-03-05 17:09:00', 8.92, 'REGULAR', 1, NOW()),
(48, '2026-03-12', '2026-03-12 08:26:00', '2026-03-12 17:35:00', 9.15, 'REGULAR', 1, NOW()),
(48, '2026-03-08', '2026-03-08 08:17:00', '2026-03-08 17:25:00', 9.13, 'REGULAR', 1, NOW()),
(44, '2026-03-15', '2026-03-15 08:12:00', '2026-03-15 17:40:00', 9.47, 'REGULAR', 1, NOW()),
(31, '2026-03-09', '2026-03-09 08:02:00', '2026-03-09 17:24:00', 9.37, 'REGULAR', 1, NOW()),
(45, '2026-03-05', '2026-03-05 08:06:00', '2026-03-05 17:41:00', 9.58, 'REGULAR', 1, NOW()),
(46, '2026-03-01', '2026-03-01 08:13:00', '2026-03-01 17:15:00', 9.03, 'REGULAR', 1, NOW()),
(51, '2026-03-09', '2026-03-09 08:25:00', '2026-03-09 17:40:00', 9.25, 'REGULAR', 1, NOW()),
(53, '2026-03-10', '2026-03-10 09:26:00', '2026-03-10 17:08:00', 7.7, 'LATE', 1, NOW()),
(11, '2026-03-11', '2026-03-11 08:12:00', '2026-03-11 17:15:00', 9.05, 'REGULAR', 1, NOW()),
(19, '2026-03-02', '2026-03-02 08:23:00', '2026-03-02 17:09:00', 8.77, 'REGULAR', 1, NOW()),
(59, '2026-03-08', '2026-03-08 08:02:00', '2026-03-08 17:03:00', 9.02, 'REGULAR', 1, NOW()),
(77, '2026-03-15', '2026-03-15 08:10:00', '2026-03-15 17:25:00', 9.25, 'REGULAR', 1, NOW()),
(39, '2026-03-13', '2026-03-13 09:10:00', '2026-03-13 17:35:00', 8.42, 'LATE', 1, NOW()),
(54, '2026-03-05', '2026-03-05 08:30:00', '2026-03-05 17:07:00', 8.62, 'REGULAR', 1, NOW()),
(58, '2026-03-09', '2026-03-09 08:18:00', '2026-03-09 17:06:00', 8.8, 'REGULAR', 1, NOW()),
(94, '2026-03-14', '2026-03-14 08:22:00', '2026-03-14 17:13:00', 8.85, 'REGULAR', 1, NOW()),
(91, '2026-03-05', '2026-03-05 08:04:00', '2026-03-05 17:41:00', 9.62, 'REGULAR', 1, NOW()),
(101, '2026-03-03', '2026-03-03 08:09:00', '2026-03-03 17:41:00', 9.53, 'REGULAR', 1, NOW()),
(74, '2026-03-08', '2026-03-08 09:27:00', '2026-03-08 17:30:00', 8.05, 'LATE', 1, NOW()),
(90, '2026-03-03', '2026-03-03 08:07:00', '2026-03-03 17:19:00', 9.2, 'REGULAR', 1, NOW()),
(40, '2026-03-14', '2026-03-14 08:05:00', '2026-03-14 17:11:00', 9.1, 'REGULAR', 1, NOW()),
(86, '2026-03-02', '2026-03-02 08:19:00', '2026-03-02 17:08:00', 8.82, 'REGULAR', 1, NOW());

-- 4. DỮ LIỆU MẪU BẢNG CUSTOMERS (BỔ SUNG)
INSERT INTO `customers` (`id`, `code`, `type`, `name`, `phone`, `created_at`) VALUES
(1, 'KH-2026-001', 'ca_nhan', 'Trần Thảo', '0986792996', NOW()),
(2, 'KH-2026-002', 'ca_nhan', 'Vũ Long', '0919237053', NOW()),
(3, 'KH-2026-003', 'ca_nhan', 'Trần Tú', '0969515353', NOW()),
(4, 'KH-2026-004', 'ca_nhan', 'Đặng Bình', '0916548962', NOW()),
(5, 'KH-2026-005', 'ca_nhan', 'Vũ Dũng', '0998026991', NOW()),
(6, 'KH-2026-006', 'ca_nhan', 'Phan Linh', '0938019230', NOW()),
(7, 'KH-2026-007', 'ca_nhan', 'Bùi Lan', '0926959558', NOW()),
(8, 'KH-2026-008', 'ca_nhan', 'Đặng Tú', '0987843770', NOW()),
(9, 'KH-2026-009', 'ca_nhan', 'Đỗ Tuấn', '0943650222', NOW()),
(10, 'KH-2026-010', 'ca_nhan', 'Lê Bình', '0976089689', NOW());

-- 5. DỮ LIỆU MẪU BẢNG CASES (XÓA ÁN TÍCH - TEMPLATE ID 1)
INSERT INTO `cases` (`customer_id`, `title`, `type`, `code`, `status`, `priority`, `assigned_lawyer_id`, `assigned_staff_id`, `workflow_template_id`, `start_date`, `deadline`, `created_at`) VALUES
(10, 'Vụ việc Xóa án tích - Đặng Thảo', 'xoa_an_tich', 'XAT-2026-001', 'dang_xu_ly', 'medium', 5, 63, 1, '2026-03-15', '2026-04-16 12:37:28', NOW()),
(1, 'Vụ việc Xóa án tích - Hoàng Lan', 'xoa_an_tich', 'XAT-2026-002', 'dang_xu_ly', 'medium', 6, 69, 1, '2026-03-07', '2026-04-25 12:37:28', NOW()),
(9, 'Vụ việc Xóa án tích - Phạm Kiều', 'xoa_an_tich', 'XAT-2026-003', 'dang_xu_ly', 'medium', 48, 79, 1, '2026-03-08', '2026-05-07 12:37:28', NOW()),
(7, 'Vụ việc Xóa án tích - Hoàng Hoa', 'xoa_an_tich', 'XAT-2026-004', 'dang_xu_ly', 'medium', 18, 65, 1, '2026-03-08', '2026-05-13 12:37:28', NOW()),
(9, 'Vụ việc Xóa án tích - Hoàng Thảo', 'xoa_an_tich', 'XAT-2026-005', 'dang_xu_ly', 'medium', 44, 62, 1, '2026-03-13', '2026-04-16 12:37:28', NOW()),
(7, 'Vụ việc Xóa án tích - Đặng Tú', 'xoa_an_tich', 'XAT-2026-006', 'dang_xu_ly', 'medium', 48, 79, 1, '2026-03-07', '2026-04-21 12:37:28', NOW()),
(7, 'Vụ việc Xóa án tích - Nguyễn Kiều', 'xoa_an_tich', 'XAT-2026-007', 'dang_xu_ly', 'medium', 30, 81, 1, '2026-03-13', '2026-05-11 12:37:28', NOW()),
(7, 'Vụ việc Xóa án tích - Phan Giang', 'xoa_an_tich', 'XAT-2026-008', 'dang_xu_ly', 'medium', 24, 97, 1, '2026-03-06', '2026-05-06 12:37:28', NOW()),
(8, 'Vụ việc Xóa án tích - Vũ Hải', 'xoa_an_tich', 'XAT-2026-009', 'dang_xu_ly', 'medium', 16, 52, 1, '2026-03-09', '2026-05-11 12:37:28', NOW()),
(9, 'Vụ việc Xóa án tích - Nguyễn Hùng', 'xoa_an_tich', 'XAT-2026-010', 'dang_xu_ly', 'medium', 16, 59, 1, '2026-03-07', '2026-04-19 12:37:28', NOW()),
(8, 'Vụ việc Xóa án tích - Lê Hải', 'xoa_an_tich', 'XAT-2026-011', 'dang_xu_ly', 'medium', 30, 58, 1, '2026-03-09', '2026-04-29 12:37:28', NOW()),
(7, 'Vụ việc Xóa án tích - Hoàng Cường', 'xoa_an_tich', 'XAT-2026-012', 'dang_xu_ly', 'medium', 25, 92, 1, '2026-03-09', '2026-05-13 12:37:28', NOW()),
(10, 'Vụ việc Xóa án tích - Đỗ Tuấn', 'xoa_an_tich', 'XAT-2026-013', 'dang_xu_ly', 'medium', 31, 92, 1, '2026-03-10', '2026-05-12 12:37:28', NOW()),
(8, 'Vụ việc Xóa án tích - Bùi Hoa', 'xoa_an_tich', 'XAT-2026-014', 'dang_xu_ly', 'medium', 6, 52, 1, '2026-03-14', '2026-04-17 12:37:28', NOW()),
(4, 'Vụ việc Xóa án tích - Đỗ Hải', 'xoa_an_tich', 'XAT-2026-015', 'dang_xu_ly', 'medium', 27, 72, 1, '2026-03-09', '2026-05-03 12:37:28', NOW()),
(8, 'Vụ việc Xóa án tích - Nguyễn Hoa', 'xoa_an_tich', 'XAT-2026-016', 'dang_xu_ly', 'medium', 9, 55, 1, '2026-03-08', '2026-05-07 12:37:28', NOW()),
(9, 'Vụ việc Xóa án tích - Bùi Thành', 'xoa_an_tich', 'XAT-2026-017', 'dang_xu_ly', 'medium', 35, 98, 1, '2026-03-07', '2026-05-01 12:37:28', NOW()),
(1, 'Vụ việc Xóa án tích - Nguyễn Tuấn', 'xoa_an_tich', 'XAT-2026-018', 'dang_xu_ly', 'medium', 15, 70, 1, '2026-03-15', '2026-05-15 12:37:28', NOW()),
(8, 'Vụ việc Xóa án tích - Bùi Giang', 'xoa_an_tich', 'XAT-2026-019', 'dang_xu_ly', 'medium', 24, 60, 1, '2026-03-09', '2026-05-04 12:37:28', NOW()),
(5, 'Vụ việc Xóa án tích - Bùi Hải', 'xoa_an_tich', 'XAT-2026-020', 'dang_xu_ly', 'medium', 42, 53, 1, '2026-03-15', '2026-04-25 12:37:28', NOW());

SET FOREIGN_KEY_CHECKS = 1;
