-- Dữ liệu mẫu cho Hệ thống ERP Luật
-- Bao gồm: Tài khoản, Nhân viên, Khách hàng, Vụ việc, Chấm công
-- Ngày tạo: 2026-03-12

SET NAMES utf8mb4;
SET FOREIGN_KEY_CHECKS = 0;

-- 1. Tài khoản (users) - Mật khẩu mặc định: admin123
INSERT INTO `users` (`id`, `role_id`, `email`, `password`, `active_status`, `created_at`) VALUES
(2, 3, 'truongphong@lawfirm.erp', '$2y$12$Oergst.CYv4Fr/bUMsUFJuO/fuvvDjcw0ZWSWO7kH55x.XWyPgMhS', 1, NOW()),
(3, 4, 'nhanvien1@lawfirm.erp', '$2y$12$Oergst.CYv4Fr/bUMsUFJuO/fuvvDjcw0ZWSWO7kH55x.XWyPgMhS', 1, NOW()),
(4, 4, 'nhanvien2@lawfirm.erp', '$2y$12$Oergst.CYv4Fr/bUMsUFJuO/fuvvDjcw0ZWSWO7kH55x.XWyPgMhS', 1, NOW()),
(5, 5, 'intern@lawfirm.erp', '$2y$12$Oergst.CYv4Fr/bUMsUFJuO/fuvvDjcw0ZWSWO7kH55x.XWyPgMhS', 1, NOW()),
(6, 2, 'manager@lawfirm.erp', '$2y$12$Oergst.CYv4Fr/bUMsUFJuO/fuvvDjcw0ZWSWO7kH55x.XWyPgMhS', 1, NOW());

-- 2. Nhân viên (employees)
INSERT INTO `employees` (`id`, `user_id`, `full_name`, `dob`, `identity_card`, `address`, `join_date`, `salary_base`, `position`, `department_id`, `created_at`) VALUES
(2, 2, 'Nguyễn Văn Chiến', '1985-05-20', '001085001234', '123 Đường Láng, Hà Nội', '2023-01-10', 25000000.00, 'Trưởng phòng Pháp lý', 3, NOW()),
(3, 3, 'Trần Thị Mai', '1992-08-15', '001092005678', '456 Lê Lợi, Hải Phòng', '2023-03-01', 15000000.00, 'Luật sư thành viên', 3, NOW()),
(4, 4, 'Lê Hoàng Nam', '1995-12-02', '001095009012', '789 Nguyễn Văn Linh, Đà Nẵng', '2024-01-15', 12000000.00, 'Chuyên viên tư vấn', 2, NOW()),
(5, 5, 'Phạm Minh Đức', '2001-04-10', '001201003456', 'Số 10 Trịnh Văn Bô, Hà Nội', '2024-02-01', 5000000.00, 'Thực tập sinh', 3, NOW()),
(6, 6, 'Hoàng Thu Thủy', '1988-11-25', '001088007890', 'Quận 3, TP. Hồ Chí Minh', '2022-05-20', 30000000.00, 'Giám đốc vận hành', 4, NOW());

-- 3. Khách hàng (customers)
INSERT INTO `customers` (`id`, `code`, `type`, `name`, `phone`, `email`, `identity_number`, `address`, `source`, `created_at`) VALUES
(1, 'KH-2026-001', 'ca_nhan', 'Nguyễn Thị Hương', '0912345678', 'huong.nguyen@gmail.com', '123456789012', '123 Đường Láng, Hà Nội', 'facebook', NOW()),
(2, 'KH-2026-002', 'doanh_nghiep', 'Công ty TNHH ABC', '0243123456', 'contact@abc.com', NULL, '456 Cầu Giấy, Hà Nội', 'website', NOW()),
(3, 'KH-2026-003', 'ca_nhan', 'Trần Văn Bình', '0987654321', 'binh.tran@yahoo.com', '987654321098', '789 Giải Phóng, Hà Nội', 'gioi_thieu', NOW()),
(4, 'KH-2026-004', 'doanh_nghiep', 'Tập đoàn XYZ', '0283999888', 'info@xyz-group.vn', NULL, 'Quận 1, TP.HCM', 'google', NOW()),
(5, 'KH-2026-005', 'ca_nhan', 'Lê Thu Hà', '0944556677', 'ha.le@outlook.com', '456789123000', 'Bắc Ninh', 'zalo', NOW());

-- 4. Vụ việc pháp lý (cases)
INSERT INTO `cases` (`id`, `customer_id`, `title`, `code`, `type`, `status`, `priority`, `assigned_lawyer_id`, `start_date`, `created_at`) VALUES
(1, 1, 'Tranh chấp đất đai tại Ba Vì', 'DS-2026-001', 'to_tung_dan_su', 'dang_xu_ly', 'high', 2, '2026-03-01', NOW()),
(2, 2, 'Tư vấn hợp đồng thương mại quốc tế', 'TV-2026-001', 'tu_van', 'da_giai_quyet', 'medium', 3, '2026-02-15', NOW()),
(3, 3, 'Xóa án tích hình sự', 'XA-2026-001', 'xoa_an_tich', 'moi_tiep_nhan', 'low', 5, '2026-03-10', NOW()),
(4, 4, 'Khiếu kiện hành chính thuế', 'HC-2026-001', 'thu_tuc_hanh_chinh', 'dang_xu_ly', 'critical', 3, '2026-03-05', NOW()),
(5, 5, 'Thủ tục ly hôn thuận tình', 'LH-2026-001', 'ly_hon_thuan_tinh', 'moi_tiep_nhan', 'medium', 3, '2026-03-12', NOW()),
(6, 1, 'Thẩm định di chúc và thừa kế', 'TV-2026-002', 'tu_van', 'dang_xu_ly', 'medium', 2, '2026-03-15', NOW()),
(7, 3, 'Tranh chấp quyền nuôi con', 'DS-2026-002', 'to_tung_dan_su', 'moi_tiep_nhan', 'high', 3, '2026-03-20', NOW()),
(8, 2, 'Giải thể công ty ABC', 'TV-2026-003', 'tu_van', 'moi_tiep_nhan', 'low', 5, '2026-04-01', NOW()),
(9, 5, 'Khiếu nại bồi thường đất Bắc Ninh', 'HC-2026-002', 'thu_tuc_hanh_chinh', 'dang_xu_ly', 'medium', 3, '2026-03-12', NOW()),
(10, 4, 'Tư vấn niêm yết sàn chứng khoán', 'TV-2026-004', 'tu_van', 'cho_tham_tam', 'critical', 2, '2026-03-10', NOW());

-- 5. Chấm công (attendances)
INSERT INTO `attendances` (`employee_id`, `attendance_date`, `check_in_time`, `status`, `created_at`) VALUES
(2, CURDATE(), CONCAT(CURDATE(), ' 08:00:00'), 'REGULAR', NOW()),
(3, CURDATE(), CONCAT(CURDATE(), ' 08:15:00'), 'LATE', NOW()),
(4, CURDATE(), CONCAT(CURDATE(), ' 07:55:00'), 'REGULAR', NOW()),
(5, CURDATE(), CONCAT(CURDATE(), ' 08:05:00'), 'REGULAR', NOW()),
(6, CURDATE(), CONCAT(CURDATE(), ' 08:30:00'), 'LATE', NOW());

-- 6. Bước thực hiện (case_steps) cho Timeline
INSERT INTO `case_steps` (`case_id`, `step_name`, `duration_days`, `deadline`, `status`, `sort_order`, `created_at`) VALUES
(1, 'Nộp đơn khởi kiện', 5, DATE_ADD(NOW(), INTERVAL 5 DAY), 'pending', 0, NOW()),
(3, 'Xin bản án sơ thẩm', 7, DATE_ADD(NOW(), INTERVAL 7 DAY), 'pending', 0, NOW()),
(4, 'Nộp hồ sơ khiếu nại', 15, DATE_ADD(NOW(), INTERVAL 15 DAY), 'pending', 0, NOW()),
(5, 'Chuẩn bị hồ sơ ly hôn', 3, DATE_ADD(NOW(), INTERVAL 3 DAY), 'pending', 0, NOW()),
(6, 'Nghiên cứu di chúc', 5, DATE_ADD(NOW(), INTERVAL 5 DAY), 'pending', 0, NOW()),
(7, 'Chuẩn bị chứng cứ nuôi con', 15, DATE_ADD(NOW(), INTERVAL -1 DAY), 'pending', 0, NOW()), -- Quá hạn để test
(9, 'Nộp đơn bồi thường', 15, DATE_ADD(NOW(), INTERVAL 15 DAY), 'pending', 0, NOW());

SET FOREIGN_KEY_CHECKS = 1;

-- 1. Mở rộng Tài khoản (users)
INSERT INTO `users` (`id`, `role_id`, `email`, `password`, `active_status`, `created_at`) VALUES
(100, 4, 'nhanvien.lan100@lawfirm.erp', '$2y$12$Oergst.CYv4Fr/bUMsUFJuO/fuvvDjcw0ZWSWO7kH55x.XWyPgMhS', 1, NOW()),
(101, 4, 'nhanvien.lan101@lawfirm.erp', '$2y$12$Oergst.CYv4Fr/bUMsUFJuO/fuvvDjcw0ZWSWO7kH55x.XWyPgMhS', 1, NOW()),
(102, 4, 'nhanvien.lan102@lawfirm.erp', '$2y$12$Oergst.CYv4Fr/bUMsUFJuO/fuvvDjcw0ZWSWO7kH55x.XWyPgMhS', 1, NOW()),
(103, 5, 'intern.lan103@lawfirm.erp', '$2y$12$Oergst.CYv4Fr/bUMsUFJuO/fuvvDjcw0ZWSWO7kH55x.XWyPgMhS', 1, NOW()),
(104, 4, 'nhanvien.lan104@lawfirm.erp', '$2y$12$Oergst.CYv4Fr/bUMsUFJuO/fuvvDjcw0ZWSWO7kH55x.XWyPgMhS', 1, NOW()),
(105, 3, 'truongphong.lan105@lawfirm.erp', '$2y$12$Oergst.CYv4Fr/bUMsUFJuO/fuvvDjcw0ZWSWO7kH55x.XWyPgMhS', 1, NOW()),
(106, 4, 'nhanvien.lan106@lawfirm.erp', '$2y$12$Oergst.CYv4Fr/bUMsUFJuO/fuvvDjcw0ZWSWO7kH55x.XWyPgMhS', 1, NOW()),
(107, 4, 'nhanvien.lan107@lawfirm.erp', '$2y$12$Oergst.CYv4Fr/bUMsUFJuO/fuvvDjcw0ZWSWO7kH55x.XWyPgMhS', 1, NOW()),
(108, 4, 'nhanvien.lan108@lawfirm.erp', '$2y$12$Oergst.CYv4Fr/bUMsUFJuO/fuvvDjcw0ZWSWO7kH55x.XWyPgMhS', 1, NOW()),
(109, 5, 'intern.lan109@lawfirm.erp', '$2y$12$Oergst.CYv4Fr/bUMsUFJuO/fuvvDjcw0ZWSWO7kH55x.XWyPgMhS', 1, NOW()),
(110, 4, 'nhanvien.lan110@lawfirm.erp', '$2y$12$Oergst.CYv4Fr/bUMsUFJuO/fuvvDjcw0ZWSWO7kH55x.XWyPgMhS', 1, NOW()),
(111, 4, 'nhanvien.lan111@lawfirm.erp', '$2y$12$Oergst.CYv4Fr/bUMsUFJuO/fuvvDjcw0ZWSWO7kH55x.XWyPgMhS', 1, NOW()),
(112, 4, 'nhanvien.lan112@lawfirm.erp', '$2y$12$Oergst.CYv4Fr/bUMsUFJuO/fuvvDjcw0ZWSWO7kH55x.XWyPgMhS', 1, NOW()),
(113, 3, 'truongphong.lan113@lawfirm.erp', '$2y$12$Oergst.CYv4Fr/bUMsUFJuO/fuvvDjcw0ZWSWO7kH55x.XWyPgMhS', 1, NOW()),
(114, 4, 'nhanvien.lan114@lawfirm.erp', '$2y$12$Oergst.CYv4Fr/bUMsUFJuO/fuvvDjcw0ZWSWO7kH55x.XWyPgMhS', 1, NOW()),
(115, 4, 'nhanvien.lan115@lawfirm.erp', '$2y$12$Oergst.CYv4Fr/bUMsUFJuO/fuvvDjcw0ZWSWO7kH55x.XWyPgMhS', 1, NOW()),
(116, 4, 'nhanvien.lan116@lawfirm.erp', '$2y$12$Oergst.CYv4Fr/bUMsUFJuO/fuvvDjcw0ZWSWO7kH55x.XWyPgMhS', 1, NOW()),
(117, 4, 'nhanvien.lan117@lawfirm.erp', '$2y$12$Oergst.CYv4Fr/bUMsUFJuO/fuvvDjcw0ZWSWO7kH55x.XWyPgMhS', 1, NOW()),
(118, 5, 'intern.lan118@lawfirm.erp', '$2y$12$Oergst.CYv4Fr/bUMsUFJuO/fuvvDjcw0ZWSWO7kH55x.XWyPgMhS', 1, NOW()),
(119, 4, 'nhanvien.lan119@lawfirm.erp', '$2y$12$Oergst.CYv4Fr/bUMsUFJuO/fuvvDjcw0ZWSWO7kH55x.XWyPgMhS', 1, NOW()),
(120, 4, 'nhanvien.lan120@lawfirm.erp', '$2y$12$Oergst.CYv4Fr/bUMsUFJuO/fuvvDjcw0ZWSWO7kH55x.XWyPgMhS', 1, NOW()),
(121, 3, 'truongphong.lan121@lawfirm.erp', '$2y$12$Oergst.CYv4Fr/bUMsUFJuO/fuvvDjcw0ZWSWO7kH55x.XWyPgMhS', 1, NOW()),
(122, 4, 'nhanvien.lan122@lawfirm.erp', '$2y$12$Oergst.CYv4Fr/bUMsUFJuO/fuvvDjcw0ZWSWO7kH55x.XWyPgMhS', 1, NOW()),
(123, 4, 'nhanvien.lan123@lawfirm.erp', '$2y$12$Oergst.CYv4Fr/bUMsUFJuO/fuvvDjcw0ZWSWO7kH55x.XWyPgMhS', 1, NOW()),
(124, 4, 'nhanvien.lan124@lawfirm.erp', '$2y$12$Oergst.CYv4Fr/bUMsUFJuO/fuvvDjcw0ZWSWO7kH55x.XWyPgMhS', 1, NOW()),
(125, 4, 'nhanvien.lan125@lawfirm.erp', '$2y$12$Oergst.CYv4Fr/bUMsUFJuO/fuvvDjcw0ZWSWO7kH55x.XWyPgMhS', 1, NOW()),
(126, 4, 'nhanvien.lan126@lawfirm.erp', '$2y$12$Oergst.CYv4Fr/bUMsUFJuO/fuvvDjcw0ZWSWO7kH55x.XWyPgMhS', 1, NOW()),
(127, 4, 'nhanvien.lan127@lawfirm.erp', '$2y$12$Oergst.CYv4Fr/bUMsUFJuO/fuvvDjcw0ZWSWO7kH55x.XWyPgMhS', 1, NOW()),
(128, 4, 'nhanvien.lan128@lawfirm.erp', '$2y$12$Oergst.CYv4Fr/bUMsUFJuO/fuvvDjcw0ZWSWO7kH55x.XWyPgMhS', 1, NOW()),
(129, 4, 'nhanvien.lan129@lawfirm.erp', '$2y$12$Oergst.CYv4Fr/bUMsUFJuO/fuvvDjcw0ZWSWO7kH55x.XWyPgMhS', 1, NOW()),
(130, 4, 'nhanvien.lan130@lawfirm.erp', '$2y$12$Oergst.CYv4Fr/bUMsUFJuO/fuvvDjcw0ZWSWO7kH55x.XWyPgMhS', 1, NOW()),
(131, 4, 'nhanvien.lan131@lawfirm.erp', '$2y$12$Oergst.CYv4Fr/bUMsUFJuO/fuvvDjcw0ZWSWO7kH55x.XWyPgMhS', 1, NOW()),
(132, 4, 'nhanvien.lan132@lawfirm.erp', '$2y$12$Oergst.CYv4Fr/bUMsUFJuO/fuvvDjcw0ZWSWO7kH55x.XWyPgMhS', 1, NOW()),
(133, 4, 'nhanvien.lan133@lawfirm.erp', '$2y$12$Oergst.CYv4Fr/bUMsUFJuO/fuvvDjcw0ZWSWO7kH55x.XWyPgMhS', 1, NOW()),
(134, 4, 'nhanvien.lan134@lawfirm.erp', '$2y$12$Oergst.CYv4Fr/bUMsUFJuO/fuvvDjcw0ZWSWO7kH55x.XWyPgMhS', 1, NOW()),
(135, 4, 'nhanvien.lan135@lawfirm.erp', '$2y$12$Oergst.CYv4Fr/bUMsUFJuO/fuvvDjcw0ZWSWO7kH55x.XWyPgMhS', 1, NOW()),
(136, 4, 'nhanvien.lan136@lawfirm.erp', '$2y$12$Oergst.CYv4Fr/bUMsUFJuO/fuvvDjcw0ZWSWO7kH55x.XWyPgMhS', 1, NOW()),
(137, 4, 'nhanvien.lan137@lawfirm.erp', '$2y$12$Oergst.CYv4Fr/bUMsUFJuO/fuvvDjcw0ZWSWO7kH55x.XWyPgMhS', 1, NOW()),
(138, 4, 'nhanvien.lan138@lawfirm.erp', '$2y$12$Oergst.CYv4Fr/bUMsUFJuO/fuvvDjcw0ZWSWO7kH55x.XWyPgMhS', 1, NOW()),
(139, 4, 'nhanvien.lan139@lawfirm.erp', '$2y$12$Oergst.CYv4Fr/bUMsUFJuO/fuvvDjcw0ZWSWO7kH55x.XWyPgMhS', 1, NOW()),
(140, 4, 'nhanvien.lan140@lawfirm.erp', '$2y$12$Oergst.CYv4Fr/bUMsUFJuO/fuvvDjcw0ZWSWO7kH55x.XWyPgMhS', 1, NOW()),
(141, 4, 'nhanvien.lan141@lawfirm.erp', '$2y$12$Oergst.CYv4Fr/bUMsUFJuO/fuvvDjcw0ZWSWO7kH55x.XWyPgMhS', 1, NOW()),
(142, 4, 'nhanvien.lan142@lawfirm.erp', '$2y$12$Oergst.CYv4Fr/bUMsUFJuO/fuvvDjcw0ZWSWO7kH55x.XWyPgMhS', 1, NOW()),
(143, 4, 'nhanvien.lan143@lawfirm.erp', '$2y$12$Oergst.CYv4Fr/bUMsUFJuO/fuvvDjcw0ZWSWO7kH55x.XWyPgMhS', 1, NOW()),
(144, 4, 'nhanvien.lan144@lawfirm.erp', '$2y$12$Oergst.CYv4Fr/bUMsUFJuO/fuvvDjcw0ZWSWO7kH55x.XWyPgMhS', 1, NOW()),
(145, 4, 'nhanvien.lan145@lawfirm.erp', '$2y$12$Oergst.CYv4Fr/bUMsUFJuO/fuvvDjcw0ZWSWO7kH55x.XWyPgMhS', 1, NOW()),
(146, 4, 'nhanvien.lan146@lawfirm.erp', '$2y$12$Oergst.CYv4Fr/bUMsUFJuO/fuvvDjcw0ZWSWO7kH55x.XWyPgMhS', 1, NOW()),
(147, 4, 'nhanvien.lan147@lawfirm.erp', '$2y$12$Oergst.CYv4Fr/bUMsUFJuO/fuvvDjcw0ZWSWO7kH55x.XWyPgMhS', 1, NOW()),
(148, 4, 'nhanvien.lan148@lawfirm.erp', '$2y$12$Oergst.CYv4Fr/bUMsUFJuO/fuvvDjcw0ZWSWO7kH55x.XWyPgMhS', 1, NOW()),
(149, 4, 'nhanvien.lan149@lawfirm.erp', '$2y$12$Oergst.CYv4Fr/bUMsUFJuO/fuvvDjcw0ZWSWO7kH55x.XWyPgMhS', 1, NOW());

-- 2. Mở rộng Nhân viên (employees)
INSERT INTO `employees` (`id`, `user_id`, `full_name`, `dob`, `identity_card`, `address`, `join_date`, `salary_base`, `position`, `department_id`, `created_at`) VALUES
(100, 100, 'Nguyễn Minh Anh', '1995-01-01', '001095000100', 'Hà Nội', '2024-01-01', 12000000, 'Luật sư', 3, NOW()),
(101, 101, 'Trần Văn Bình', '1996-02-02', '001096000101', 'Hải Phòng', '2024-01-05', 13000000, 'Luật sư', 3, NOW()),
(102, 102, 'Lê Thị Cẩm', '1997-03-03', '001097000102', 'Đà Nẵng', '2024-01-10', 11000000, 'Luật sư', 3, NOW()),
(103, 103, 'Phạm Văn Diệc', '2002-04-04', '001202000103', 'TP.HCM', '2024-02-01', 5000000, 'Thực tập sinh', 3, NOW()),
(104, 104, 'Hoàng Minh Em', '1998-05-05', '001098000104', 'Cần Thơ', '2024-01-15', 12500000, 'Luật sư', 2, NOW()),
(105, 105, 'Vũ Thị Phương', '1990-06-06', '001090000105', 'Hà Nội', '2023-12-01', 22000000, 'Trưởng phòng', 3, NOW()),
(106, 106, 'Đặng Văn Giang', '1995-07-07', '001095000106', 'Huế', '2024-01-20', 12000000, 'Luật sư', 3, NOW()),
(107, 107, 'Bùi Thị Hà', '1996-08-08', '001096000107', 'Nghệ An', '2024-01-25', 13500000, 'Luật sư', 3, NOW()),
(108, 108, 'Ngô Văn In', '1997-09-09', '001097000108', 'Quảng Ninh', '2024-02-01', 11500000, 'Luật sư', 3, NOW()),
(109, 109, 'Lý Thị Kim', '2001-10-10', '001201000109', 'Thanh Hóa', '2024-02-15', 5500000, 'Thực tập sinh', 3, NOW()),
(110, 110, 'Trương Văn Lam', '1994-11-11', '001094000110', 'Bình Dương', '2024-01-01', 14000000, 'Luật sư', 3, NOW()),
(111, 111, 'Nguyễn Thị Mận', '1995-12-12', '001095000111', 'Đồng Nai', '2024-01-05', 12000000, 'Luật sư', 3, NOW()),
(112, 112, 'Trần Văn Nam', '1996-01-13', '001096000112', 'Long An', '2024-01-10', 13000000, 'Luật sư', 3, NOW()),
(113, 113, 'Lê Thị Oanh', '1989-02-14', '001089000113', 'Hà Nội', '2023-11-01', 21000000, 'Trưởng phòng', 2, NOW()),
(114, 114, 'Phạm Văn Phát', '1997-03-15', '001097000114', 'Bắc Ninh', '2024-01-15', 11000000, 'Luật sư', 3, NOW()),
(115, 115, 'Hoàng Thị Quyên', '1998-04-16', '001098000115', 'Vĩnh Phúc', '2024-01-20', 12500000, 'Luật sư', 3, NOW()),
(116, 116, 'Vũ Văn Rạng', '1995-05-17', '001095000116', 'Thái Bình', '2024-01-25', 12000000, 'Luật sư', 3, NOW()),
(117, 117, 'Đặng Thị Sâm', '1996-06-18', '001096000117', 'Hưng Yên', '2024-02-01', 13500000, 'Luật sư', 3, NOW()),
(118, 118, 'Bùi Văn Tiến', '2001-07-19', '001201000118', 'Nam Định', '2024-02-15', 5000000, 'Thực tập sinh', 3, NOW()),
(119, 119, 'Ngô Thị Uyên', '1997-08-20', '001097000119', 'Hải Dương', '2024-01-05', 11500000, 'Luật sư', 3, NOW()),
(120, 120, 'Lý Văn Vinh', '1994-09-21', '001094000120', 'Quảng Bình', '2024-01-10', 14000000, 'Luật sư', 3, NOW()),
(121, 121, 'Trương Thị Xuyến', '1991-10-22', '001091000121', 'Hà Nội', '2023-12-15', 23000000, 'Trưởng phòng', 4, NOW()),
(122, 122, 'Lương Văn Yên', '1995-11-23', '001095000122', 'TP.HCM', '2024-01-15', 12000000, 'Luật sư', 3, NOW()),
(123, 123, 'Hồ Thị Anh', '1996-12-24', '001096000123', 'Bình Thuận', '2024-01-20', 13000000, 'Luật sư', 3, NOW()),
(124, 124, 'Dương Văn Ba', '1997-01-25', '001097000124', 'Khánh Hòa', '2024-01-25', 11000000, 'Luật sư', 3, NOW()),
(125, 125, 'Cao Thị Chi', '1998-02-26', '001098000125', 'Lâm Đồng', '2024-02-01', 12500000, 'Luật sư', 3, NOW()),
(126, 126, 'Mai Văn Dũng', '1995-03-27', '001095000126', 'Gia Lai', '2024-02-05', 12000000, 'Luật sư', 3, NOW()),
(127, 127, 'Tạ Thị Đào', '1996-04-28', '001096000127', 'Đắk Lắk', '2024-02-10', 13500000, 'Luật sư', 3, NOW()),
(128, 128, 'Kiều Văn Én', '1997-05-29', '001097000128', 'Tây Ninh', '2024-02-15', 11500000, 'Luật sư', 3, NOW()),
(129, 129, 'Phùng Thị Hoa', '1994-06-30', '001094000129', 'Vũng Tàu', '2024-01-05', 14000000, 'Luật sư', 3, NOW()),
(130, 130, 'Đỗ Văn Hùng', '1995-07-01', '001095000130', 'Tiền Giang', '2024-01-10', 12000000, 'Luật sư', 3, NOW()),
(131, 131, 'Hà Thị Hương', '1996-08-02', '001096000131', 'An Giang', '2024-01-15', 13000000, 'Luật sư', 3, NOW()),
(132, 132, 'Vương Văn Hải', '1997-09-03', '001097000132', 'Cần Thơ', '2024-01-20', 11000000, 'Luật sư', 3, NOW()),
(133, 133, 'Sơn Thị Kiều', '1998-10-04', '001098000133', 'Sóc Trăng', '2024-01-25', 12500000, 'Luật sư', 3, NOW()),
(134, 134, 'Thạch Văn Lâm', '1995-11-05', '001095000134', 'Trà Vinh', '2024-02-01', 12000000, 'Luật sư', 3, NOW()),
(135, 135, 'Tống Thị Minh', '1996-12-06', '001096000135', 'Kiên Giang', '2024-02-05', 13500000, 'Luật sư', 3, NOW()),
(136, 136, 'Uông Văn Nam', '1997-01-07', '001097000136', 'Cà Mau', '2024-02-10', 11500000, 'Luật sư', 3, NOW()),
(137, 137, 'Vi Thị Nga', '1994-02-08', '001094000137', 'Lạng Sơn', '2024-02-15', 14000000, 'Luật sư', 3, NOW()),
(138, 138, 'Quách Văn Phong', '1995-03-09', '001095000138', 'Hòa Bình', '2024-01-05', 12000000, 'Luật sư', 3, NOW()),
(139, 139, 'La Thị Quỳnh', '1996-04-10', '001096000139', 'Yên Bái', '2024-01-10', 13000000, 'Luật sư', 3, NOW()),
(140, 140, 'Diệp Văn Sơn', '1997-05-11', '001097000140', 'Sơn La', '2024-01-15', 11000000, 'Luật sư', 3, NOW()),
(141, 141, 'Đàm Thị Thảo', '1998-06-12', '001098000141', 'Cao Bằng', '2024-01-20', 12500000, 'Luật sư', 3, NOW()),
(142, 142, 'Khổng Văn Thái', '1995-07-13', '001095000142', 'Tuyên Quang', '2024-01-25', 12000000, 'Luật sư', 3, NOW()),
(143, 143, 'Ninh Thị Thu', '1996-08-14', '001096000143', 'Bắc Giang', '2024-02-01', 13500000, 'Luật sư', 3, NOW()),
(144, 144, 'Châu Văn Uy', '1997-09-15', '001097000144', 'Quảng Nam', '2024-02-05', 11500000, 'Luật sư', 3, NOW()),
(145, 145, 'Mạch Thị Vân', '1994-10-16', '001094000145', 'Quảng Ngãi', '2024-02-10', 14000000, 'Luật sư', 3, NOW()),
(146, 146, 'Trình Văn Xuân', '1995-11-17', '001095000146', 'Phú Yên', '2024-02-15', 12000000, 'Luật sư', 3, NOW()),
(147, 147, 'Kim Thị Yến', '1996-12-18', '001096000147', 'Trà Vinh', '2024-01-05', 13000000, 'Luật sư', 3, NOW()),
(148, 148, 'Âu Văn Phước', '1997-01-19', '001097000148', 'Bạc Liêu', '2024-01-10', 11000000, 'Luật sư', 3, NOW()),
(149, 149, 'Liễu Thị Hạnh', '1994-02-20', '001094000149', 'Sóc Trăng', '2024-01-15', 14000000, 'Luật sư', 3, NOW());

-- 3. Mở rộng Khách hàng (customers)
INSERT INTO `customers` (`id`, `code`, `type`, `name`, `phone`, `email`, `identity_number`, `address`, `source`, `created_at`) VALUES
(100, 'KH-2026-100', 'ca_nhan', 'Nguyễn Thị Hoa', '0901000100', 'hoa.nguyen100@gmail.com', '030095000100', 'Quận 1, TP.HCM', 'facebook', NOW()),
(101, 'KH-2026-101', 'ca_nhan', 'Trần Văn Tùng', '0901000101', 'tung.tran101@hotmail.com', '030096000101', 'Quận 7, TP.HCM', 'google', NOW()),
(102, 'KH-2026-102', 'doanh_nghiep', 'Công ty TNHH Giải Pháp Việt', '0283000102', 'info@solutions.vn', NULL, 'Khu Công nghệ cao, TP.HCM', 'website', NOW()),
(103, 'KH-2026-103', 'ca_nhan', 'Lê Văn Lộc', '0901000103', 'loc.le103@yahoo.com', '030097000103', 'Quận Bình Tân, TP.HCM', 'zalo', NOW()),
(104, 'KH-2026-104', 'ca_nhan', 'Phạm Thị Mai', '0901000104', 'mai.pham104@gmail.com', '030098000104', 'Quận Thủ Đức, TP.HCM', 'gioi_thieu', NOW()),
(105, 'KH-2026-105', 'doanh_nghiep', 'CTCP Đầu tư Hạ tầng SG', '0283000105', 'contact@cii.com.vn', NULL, 'Quận 2, TP.HCM', 'facebook', NOW()),
(106, 'KH-2026-106', 'ca_nhan', 'Hoàng Văn Dũng', '0901000106', 'dung.hoang106@outlook.com', '030099000106', 'Quận BÌnh Thạnh, TP.HCM', 'google', NOW()),
(107, 'KH-2026-107', 'ca_nhan', 'Vũ Thị Thanh', '0901000107', 'thanh.vu107@gmail.com', '030100000107', 'Hà Nội', 'website', NOW()),
(108, 'KH-2026-108', 'doanh_nghiep', 'Cửa hàng Nội thất Xinh', '0243000108', 'noithatxinh@gmail.com', NULL, 'Quận Ba Đình, Hà Nội', 'zalo', NOW()),
(109, 'KH-2026-109', 'ca_nhan', 'Bùi Văn Hùng', '0901000109', 'hung.bui109@gmail.com', '030101000109', 'Quận Đống Đa, Hà Nội', 'gioi_thieu', NOW()),
(110, 'KH-2026-110', 'ca_nhan', 'Ngô Thị Bích', '0901000110', 'bich.ngo110@gmail.com', '030102000110', 'Quận Hai Bà Trưng, Hà Nội', 'facebook', NOW()),
(111, 'KH-2026-111', 'doanh_nghiep', 'Công ty Phân phối Á Châu', '0243000111', 'asia.dist@gmail.com', NULL, 'Hà Đông, Hà Nội', 'google', NOW()),
(112, 'KH-2026-112', 'ca_nhan', 'Lý Văn Quân', '0901000112', 'quan.ly112@gmail.com', '030103000112', 'Đà Nẵng', 'website', NOW()),
(113, 'KH-2026-113', 'ca_nhan', 'Trương Thị Dung', '0901000113', 'dung.truong113@gmail.com', '030104000113', 'Bắc Ninh', 'zalo', NOW()),
(114, 'KH-2026-114', 'doanh_nghiep', 'May mặc Thăng Long', '0243111222', 'thanglong@maymac.vn', NULL, 'Hưng Yên', 'gioi_thieu', NOW()),
(115, 'KH-2026-115', 'ca_nhan', 'Nguyễn Minh Kha', '0901000115', 'kha.nguyen115@gmail.com', '030105000115', 'Cần Thơ', 'facebook', NOW()),
(116, 'KH-2026-116', 'ca_nhan', 'Trần Thị Liên', '0901000116', 'lien.tran116@gmail.com', '030106000116', 'Vĩnh Long', 'google', NOW()),
(117, 'KH-2026-117', 'doanh_nghiep', 'Vận tải Biển Xanh', '02253000117', 'blueocean@shipping.vn', NULL, 'Hải Phòng', 'website', NOW()),
(118, 'KH-2026-118', 'ca_nhan', 'Lê Văn Một', '0901000118', 'mot.le118@gmail.com', '030107000118', 'Quảng Ninh', 'zalo', NOW()),
(119, 'KH-2026-119', 'ca_nhan', 'Phạm Thị Ba', '0901000119', 'ba.pham119@gmail.com', '030108000119', 'H Hải Dương', 'gioi_thieu', NOW()),
(120, 'KH-2026-120', 'doanh_nghiep', 'Viễn thông Toàn Cầu', '0243000120', 'global@telecom.vn', NULL, 'Hà Nội', 'facebook', NOW()),
(121, 'KH-2026-121', 'ca_nhan', 'Hoàng Thị Thảo', '0901000121', 'thao.hoang121@gmail.com', '031095000121', 'Bình Định', 'google', NOW()),
(122, 'KH-2026-122', 'ca_nhan', 'Vũ Văn Tám', '0901000122', 'tam.vu122@gmail.com', '031096000122', 'Phú Yên', 'website', NOW()),
(123, 'KH-2026-123', 'doanh_nghiep', 'Bất động sản Thịnh Vượng', '0283111333', 'sales@thinhvuongland.vn', NULL, 'Quận 3, TP.HCM', 'zalo', NOW()),
(124, 'KH-2026-124', 'ca_nhan', 'Đặng Thị Út', '0901000124', 'ut.dang124@gmail.com', '031097000124', 'Tây Ninh', 'gioi_thieu', NOW()),
(125, 'KH-2026-125', 'ca_nhan', 'Bùi Văn Trực', '0901000125', 'truc.bui125@gmail.com', '031098000125', 'Tiền Giang', 'facebook', NOW()),
(126, 'KH-2026-126', 'doanh_nghiep', 'Du lịch Sen Vàng', '0283555777', 'info@goldenlotus.vn', NULL, 'Hội An, Quảng Nam', 'google', NOW()),
(127, 'KH-2026-127', 'ca_nhan', 'Ngô Văn Năm', '0901000127', 'nam.ngo127@gmail.com', '031099000127', 'Nghệ An', 'website', NOW()),
(128, 'KH-2026-128', 'ca_nhan', 'Lý Thị Sáu', '0901000128', 'sau.ly128@gmail.com', '031100000128', 'Thanh Hóa', 'zalo', NOW()),
(129, 'KH-2026-129', 'doanh_nghiep', 'Xây dựng Hòa Bình', '0283222444', 'contact@hb.vn', NULL, 'Quận 1, TP.HCM', 'gioi_thieu', NOW()),
(130, 'KH-2026-130', 'ca_nhan', 'Trương Văn Bảy', '0901000130', 'bay.truong130@gmail.com', '031101000130', 'Đắk Lắk', 'facebook', NOW()),
(131, 'KH-2026-131', 'ca_nhan', 'Nguyễn Thị Tám', '0901000131', 'tam.nguyen131@gmail.com', '031102000131', 'Gia Lai', 'google', NOW()),
(132, 'KH-2026-132', 'doanh_nghiep', 'Nông sản Việt Nam', '0243666999', 'admin@vietagri.vn', NULL, 'Bảo Lộc, Lâm Đồng', 'website', NOW()),
(133, 'KH-2026-133', 'ca_nhan', 'Trần Văn Chín', '0901000133', 'chin.tran133@gmail.com', '031103000133', 'Đồng Nai', 'zalo', NOW()),
(134, 'KH-2026-134', 'ca_nhan', 'Lê Thị Mười', '0901000134', 'muoi.le134@gmail.com', '031104000134', 'Bình Dương', 'gioi_thieu', NOW()),
(135, 'KH-2026-135', 'doanh_nghiep', 'Thiết bị Y tế 247', '0283777888', 'contact@y247.vn', NULL, 'Bình Thạnh, TP.HCM', 'facebook', NOW()),
(136, 'KH-2026-136', 'ca_nhan', 'Phạm Văn Mười Một', '0901000136', '11.pham136@gmail.com', '031105000136', 'Vũng Tàu', 'google', NOW()),
(137, 'KH-2026-137', 'ca_nhan', 'Hoàng Thị Mười Hai', '0901000137', '12.hoang137@gmail.com', '031106000137', 'Gia Lai', 'website', NOW()),
(138, 'KH-2026-138', 'doanh_nghiep', 'Kế toán Minh Tâm', '0243888000', 'minhtam@acc.vn', NULL, 'Thanh Xuân, Hà Nội', 'zalo', NOW()),
(139, 'KH-2026-139', 'ca_nhan', 'Vũ Văn Mười Ba', '0901000139', '13.vu139@gmail.com', '031107000139', 'Nam Định', 'gioi_thieu', NOW()),
(140, 'KH-2026-140', 'ca_nhan', 'Đặng Thị Mười Bốn', '0901000140', '14.dang140@gmail.com', '031108000140', 'Thái Bình', 'facebook', NOW()),
(141, 'KH-2026-141', 'doanh_nghiep', 'Hóa chất Công nghiệp HN', '0243999111', 'chem@hanoi.vn', NULL, 'Long Biên, Hà Nội', 'google', NOW()),
(142, 'KH-2026-142', 'ca_nhan', 'Bùi Văn Mười Lăm', '0901000142', '15.bui142@gmail.com', '031109000142', 'Quảng Trị', 'website', NOW()),
(143, 'KH-2026-143', 'ca_nhan', 'Ngô Thị Mười Sáu', '0901000143', '16.ngo143@gmail.com', '031110000143', 'Huế', 'zalo', NOW()),
(144, 'KH-2026-144', 'doanh_nghiep', 'Thép Việt Úc', '02253111222', 'info@vietuc-steel.vn', NULL, 'Hải Phòng', 'gioi_thieu', NOW()),
(145, 'KH-2026-145', 'ca_nhan', 'Lý Văn Mười Bảy', '0901000145', '17.ly145@gmail.com', '031111000145', 'Bến Tre', 'facebook', NOW()),
(146, 'KH-2026-146', 'ca_nhan', 'Trương Thị Mười Tám', '0901000146', '18.truong146@gmail.com', '031112000146', 'Trà Vinh', 'google', NOW()),
(147, 'KH-2026-147', 'doanh_nghiep', 'Điện máy Toàn Năng', '0283333444', 'sales@toannang.vn', NULL, 'Quận 5, TP.HCM', 'website', NOW()),
(148, 'KH-2026-148', 'ca_nhan', 'Đỗ Văn Mười Chín', '0901000148', '19.do148@gmail.com', '031113000148', 'Bạc Liêu', 'zalo', NOW()),
(149, 'KH-2026-149', 'ca_nhan', 'Hồ Thị Hai Mươi', '0901000149', '20.ho149@gmail.com', '031114000149', 'An Giang', 'gioi_thieu', NOW());

-- 4. Mở rộng Vụ việc (cases)
INSERT INTO `cases` (`id`, `customer_id`, `title`, `code`, `type`, `status`, `priority`, `assigned_lawyer_id`, `start_date`, `created_at`) VALUES
(100, 100, 'Ly hôn tranh chấp tài sản Hà Nội', 'LH-2026-100', 'ly_hon_thuan_tinh', 'moi_tiep_nhan', 'high', 105, '2026-03-20', NOW()),
(101, 101, 'Tư vấn thừa kế nhà đất Quận 7', 'TV-2026-101', 'tu_van', 'dang_xu_ly', 'medium', 100, '2026-03-22', NOW()),
(102, 102, 'Soạn thảo hợp đồng đại lý miền Nam', 'TV-2026-102', 'tu_van', 'dang_xu_ly', 'medium', 101, '2026-03-23', NOW()),
(103, 103, 'Tranh chấp nợ khó đòi 500 triệu', 'DS-2026-103', 'to_tung_dan_su', 'moi_tiep_nhan', 'high', 102, '2026-03-24', NOW()),
(104, 104, 'Xin phiếu lý lịch tư pháp số 2', 'TV-2026-104', 'thu_tuc_hanh_chinh', 'da_giai_quyet', 'low', 103, '2026-03-25', NOW()),
(105, 105, 'Thẩm định hồ sơ IPO CII', 'TV-2026-105', 'tu_van', 'cho_tham_tam', 'critical', 113, '2026-03-26', NOW()),
(106, 106, 'Dịch vụ xóa án tích cố ý gây thương tích', 'XA-2026-106', 'xoa_an_tich', 'dang_xu_ly', 'medium', 104, '2026-03-27', NOW()),
(107, 107, 'Tranh chấp quyền sở hữu trí tuệ phần mềm', 'DS-2026-107', 'to_tung_dan_su', 'moi_tiep_nhan', 'high', 106, '2026-03-28', NOW()),
(108, 108, 'Thủ tục đăng ký độc quyền nhãn hiệu', 'HC-2026-108', 'thu_tuc_hanh_chinh', 'dang_xu_ly', 'medium', 107, '2026-03-29', NOW()),
(109, 109, 'Hợp thức hóa nhà đất Đống Đa', 'TV-2026-109', 'tu_van', 'dang_xu_ly', 'medium', 108, '2026-03-30', NOW()),
(110, 110, 'Tư vấn phân chia di sản theo di chúc', 'TV-2026-110', 'tu_van', 'da_giai_quyet', 'high', 109, '2026-04-01', NOW()),
(111, 111, 'Giải quyết đình công tại nhà máy Hưng Yên', 'DS-2026-111', 'to_tung_dan_su', 'dang_xu_ly', 'critical', 121, '2026-04-02', NOW()),
(112, 112, 'Khởi kiện đòi quyền sử dụng đất Đà Nẵng', 'DS-2026-112', 'to_tung_dan_su', 'moi_tiep_nhan', 'high', 110, '2026-04-03', NOW()),
(113, 113, 'Xóa án tích tội đánh bạc', 'XA-2026-113', 'xoa_an_tich', 'dang_xu_ly', 'medium', 111, '2026-04-04', NOW()),
(114, 114, 'Tư vấn pháp luật lao động cho doanh nghiệp', 'TV-2026-114', 'tu_van', 'da_giai_quyet', 'low', 112, '2026-04-05', NOW()),
(115, 115, 'Soạn thảo điều lệ công ty mới thành lập', 'HC-2026-115', 'thu_tuc_hanh_chinh', 'da_giai_quyet', 'medium', 114, '2026-04-06', NOW()),
(116, 116, 'Tranh chấp hợp đồng thuê kho bãi', 'DS-2026-116', 'to_tung_dan_su', 'dang_xu_ly', 'medium', 115, '2026-04-07', NOW()),
(117, 117, 'Giải quyết tổn thất hàng hóa đường biển', 'DS-2026-117', 'to_tung_dan_su', 'dang_xu_ly', 'high', 116, '2026-04-08', NOW()),
(118, 118, 'Thủ tục nhận con nuôi tại địa phương', 'HC-2026-118', 'thu_tuc_hanh_chinh', 'moi_tiep_nhan', 'low', 117, '2026-04-09', NOW()),
(119, 119, 'Ly hôn chia tài sản chung tại Hải Dương', 'LH-2026-119', 'ly_hon_thuan_tinh', 'dang_xu_ly', 'medium', 118, '2026-04-10', NOW()),
(120, 120, 'Tư vấn sáp nhập doanh nghiệp viễn thông', 'TV-2026-120', 'tu_van', 'cho_tham_tam', 'critical', 119, '2026-04-11', NOW()),
(121, 121, 'Xóa án tích tội tàng trữ ma túy', 'XA-2026-121', 'xoa_an_tich', 'moi_tiep_nhan', 'medium', 120, '2026-04-12', NOW()),
(122, 122, 'Tranh chấp bồi thường tai nạn lao động', 'DS-2026-122', 'to_tung_dan_su', 'dang_xu_ly', 'high', 122, '2026-04-13', NOW()),
(123, 123, 'Hoạch định thuế cho dự án BĐS Quận 3', 'TV-2026-123', 'tu_van', 'dang_xu_ly', 'medium', 123, '2026-04-14', NOW()),
(124, 124, 'Thủ tục thay đổi đăng ký kinh doanh chi nhánh', 'HC-2026-124', 'thu_tuc_hanh_chinh', 'da_giai_quyet', 'low', 124, '2026-04-15', NOW()),
(125, 125, 'Khởi kiện đòi nợ thẻ tín dụng 200 triệu', 'DS-2026-125', 'to_tung_dan_su', 'dang_xu_ly', 'medium', 125, '2026-04-16', NOW()),
(126, 126, 'Hợp đồng liên doanh du lịch quốc tế', 'TV-2026-126', 'tu_van', 'dang_xu_ly', 'high', 126, '2026-04-17', NOW()),
(127, 127, 'Khiếu nại kết luận thanh tra đất Nghệ An', 'HC-2026-127', 'thu_tuc_hanh_chinh', 'moi_tiep_nhan', 'critical', 127, '2026-04-18', NOW()),
(128, 128, 'Xóa án tích tội trộm cắp tài sản', 'XA-2026-128', 'xoa_an_tich', 'dang_xu_ly', 'medium', 128, '2026-04-19', NOW()),
(129, 129, 'Tư vấn pháp lý cho dự án căn hộ cao cấp', 'TV-2026-129', 'tu_van', 'dang_xu_ly', 'high', 129, '2026-04-20', NOW()),
(130, 130, 'Ly hôn có yếu tố nước ngoài', 'LH-2026-130', 'ly_hon_thuan_tinh', 'moi_tiep_nhan', 'medium', 130, '2026-04-21', NOW()),
(131, 131, 'Tranh chấp ranh giới đất nông nghiệp', 'DS-2026-131', 'to_tung_dan_su', 'dang_xu_ly', 'medium', 131, '2026-04-22', NOW()),
(132, 132, 'Thủ tục cấp phép xuất khẩu nông sản', 'HC-2026-132', 'thu_tuc_hanh_chinh', 'da_giai_quyet', 'low', 132, '2026-04-23', NOW()),
(133, 133, 'Tư vấn thu hồi nợ vay tiêu dùng', 'TV-2026-133', 'tu_van', 'dang_xu_ly', 'medium', 133, '2026-04-24', NOW()),
(134, 134, 'Xóa án tích tội lừa đảo chiếm đoạt tài sản', 'XA-2026-134', 'xoa_an_tich', 'moi_tiep_nhan', 'medium', 134, '2026-04-25', NOW()),
(135, 135, 'Tư vấn tiêu chuẩn chất lượng thiết bị y tế', 'TV-2026-135', 'tu_van', 'da_giai_quyet', 'high', 135, '2026-04-26', NOW()),
(136, 136, 'Tranh chấp bảo hiểm xe cơ giới', 'DS-2026-136', 'to_tung_dan_su', 'dang_xu_ly', 'medium', 136, '2026-04-27', NOW()),
(137, 137, 'Thủ tục chuyển nhượng dự án khai thác quặng', 'HC-2026-137', 'thu_tuc_hanh_chinh', 'cho_tham_tam', 'critical', 137, '2026-04-28', NOW()),
(138, 138, 'Soạn thảo điều lệ quỹ từ thiện', 'TV-2026-138', 'tu_van', 'da_giai_quyet', 'low', 138, '2026-04-29', NOW()),
(139, 139, 'Xóa án tích tội vi phạm quy định GTĐB', 'XA-2026-139', 'xoa_an_tich', 'dang_xu_ly', 'medium', 139, '2026-04-30', NOW()),
(140, 140, 'Tranh chấp hợp đồng thi công xây dựng', 'DS-2026-140', 'to_tung_dan_su', 'moi_tiep_nhan', 'high', 140, '2026-05-01', NOW()),
(141, 141, 'Xin giấy chứng nhận cơ sở đủ điều kiện ATTP', 'HC-2026-141', 'thu_tuc_hanh_chinh', 'dang_xu_ly', 'medium', 141, '2026-05-02', NOW()),
(142, 142, 'Ly hôn tranh chấp quyền nuôi con Quảng Trị', 'LH-2026-142', 'ly_hon_thuan_tinh', 'moi_tiep_nhan', 'medium', 142, '2026-05-03', NOW()),
(143, 143, 'Tư vấn pháp lý cho startup công nghệ', 'TV-2026-143', 'tu_van', 'da_giai_quyet', 'low', 143, '2026-05-04', NOW()),
(144, 144, 'Hợp đồng mua bán thép đại lý cấp 1', 'TV-2026-144', 'tu_van', 'dang_xu_ly', 'medium', 144, '2026-05-05', NOW()),
(145, 145, 'Xóa án tích cho người chưa thành niên', 'XA-2026-145', 'xoa_an_tich', 'moi_tiep_nhan', 'medium', 145, '2026-05-06', NOW()),
(146, 146, 'Tranh chấp thừa kế vườn điều Phú Yên', 'DS-2026-146', 'to_tung_dan_su', 'dang_xu_ly', 'high', 146, '2026-05-07', NOW()),
(147, 147, 'Tư vấn đăng ký nhãn hiệu hàng hóa độc quyền', 'HC-2026-147', 'thu_tuc_hanh_chinh', 'moi_tiep_nhan', 'low', 147, '2026-05-08', NOW()),
(148, 148, 'Khởi kiện yêu cầu bồi thường thiệt hại ngoài hợp đồng', 'DS-2026-148', 'to_tung_dan_su', 'moi_tiep_nhan', 'medium', 148, '2026-05-09', NOW()),
(149, 149, 'Thủ tục thành lập trung tâm ngoại ngữ', 'HC-2026-149', 'thu_tuc_hanh_chinh', 'dang_xu_ly', 'medium', 149, '2026-05-10', NOW());
